experiment,workload,rows,impl,procs,reducers,partition,combiner,keys,shuffle_entries,remote_entries,entry_imbalance,time_imbalance,map_ms,plan_ms,shuffle_ms,reduce_ms,gather_ms,total_ms,checksum,run,command
scaling,small,2016000,m2t3d-seq,1,0,none,,,,,,,,,,,,38.3273,11533792086335220532,1,"./traffic_sim seq --in ../m2t3d/data/traffic_small.csv --print-hours 0 --csv"
scaling,small,2016000,m2t3d-par,16,16,local,,,,,,,,,,,,10.6635,11533792086335220532,1,"./traffic_sim par --in ../m2t3d/data/traffic_small.csv --producers 16 --consumers 16 --print-hours 0 --csv"
scaling,small,2016000,m2t3d-seq,1,0,none,,,,,,,,,,,,37.6476,11533792086335220532,2,"./traffic_sim seq --in ../m2t3d/data/traffic_small.csv --print-hours 0 --csv"
scaling,small,2016000,m2t3d-par,16,16,local,,,,,,,,,,,,11.8591,11533792086335220532,2,"./traffic_sim par --in ../m2t3d/data/traffic_small.csv --producers 16 --consumers 16 --print-hours 0 --csv"
scaling,small,2016000,m2t3d-seq,1,0,none,,,,,,,,,,,,39.6613,11533792086335220532,3,"./traffic_sim seq --in ../m2t3d/data/traffic_small.csv --print-hours 0 --csv"
scaling,small,2016000,m2t3d-par,16,16,local,,,,,,,,,,,,9.50952,11533792086335220532,3,"./traffic_sim par --in ../m2t3d/data/traffic_small.csv --producers 16 --consumers 16 --print-hours 0 --csv"
scaling,small,2016000,mr,1,1,weighted,on,168000,168000,0,1.0000,1.0000,43.599,0.230,0.814,3.208,0.044,47.894,11533792086335220532,1,"/home/michael_pappas/anaconda3/bin/mpirun -np 1 ./traffic_mr --in ../m2t3d/data/traffic_small.csv --partition weighted --print-hours 0 --verify --csv"
scaling,small,2016000,mr,1,1,weighted,on,168000,168000,0,1.0000,1.0000,44.312,0.269,0.753,3.190,0.044,48.568,11533792086335220532,2,"/home/michael_pappas/anaconda3/bin/mpirun -np 1 ./traffic_mr --in ../m2t3d/data/traffic_small.csv --partition weighted --print-hours 0 --verify --csv"
scaling,small,2016000,mr,1,1,weighted,on,168000,168000,0,1.0000,1.0000,43.843,0.236,0.797,3.286,0.051,48.212,11533792086335220532,3,"/home/michael_pappas/anaconda3/bin/mpirun -np 1 ./traffic_mr --in ../m2t3d/data/traffic_small.csv --partition weighted --print-hours 0 --verify --csv"
scaling,small,2016000,mr,2,2,weighted,on,168000,168007,7,1.0000,1.0029,26.804,0.223,1.285,1.601,0.049,29.963,11533792086335220532,1,"/home/michael_pappas/anaconda3/bin/mpirun -np 2 ./traffic_mr --in ../m2t3d/data/traffic_small.csv --partition weighted --print-hours 0 --verify --csv"
scaling,small,2016000,mr,2,2,weighted,on,168000,168007,7,1.0000,1.0093,22.553,0.326,1.284,1.613,0.052,25.828,11533792086335220532,2,"/home/michael_pappas/anaconda3/bin/mpirun -np 2 ./traffic_mr --in ../m2t3d/data/traffic_small.csv --partition weighted --print-hours 0 --verify --csv"
scaling,small,2016000,mr,2,2,weighted,on,168000,168007,7,1.0000,1.0131,22.036,0.218,1.215,1.588,0.045,25.103,11533792086335220532,3,"/home/michael_pappas/anaconda3/bin/mpirun -np 2 ./traffic_mr --in ../m2t3d/data/traffic_small.csv --partition weighted --print-hours 0 --verify --csv"
scaling,small,2016000,mr,4,4,weighted,on,168000,168656,656,1.0038,1.1001,13.426,0.371,0.872,0.947,0.065,15.681,11533792086335220532,1,"/home/michael_pappas/anaconda3/bin/mpirun -np 4 ./traffic_mr --in ../m2t3d/data/traffic_small.csv --partition weighted --print-hours 0 --verify --csv"
scaling,small,2016000,mr,4,4,weighted,on,168000,168656,656,1.0038,1.0239,13.676,0.431,0.813,0.812,0.047,15.780,11533792086335220532,2,"/home/michael_pappas/anaconda3/bin/mpirun -np 4 ./traffic_mr --in ../m2t3d/data/traffic_small.csv --partition weighted --print-hours 0 --verify --csv"
scaling,small,2016000,mr,4,4,weighted,on,168000,168656,656,1.0038,1.0254,13.534,0.226,0.762,0.836,0.043,15.400,11533792086335220532,3,"/home/michael_pappas/anaconda3/bin/mpirun -np 4 ./traffic_mr --in ../m2t3d/data/traffic_small.csv --partition weighted --print-hours 0 --verify --csv"
scaling,small,2016000,mr,8,8,weighted,on,168000,169806,1806,1.0129,2.0081,11.747,0.407,0.988,1.122,0.088,14.353,11533792086335220532,1,"/home/michael_pappas/anaconda3/bin/mpirun -np 8 ./traffic_mr --in ../m2t3d/data/traffic_small.csv --partition weighted --print-hours 0 --verify --csv"
scaling,small,2016000,mr,8,8,weighted,on,168000,169806,1806,1.0129,1.1729,8.373,0.912,1.095,0.707,0.084,11.171,11533792086335220532,2,"/home/michael_pappas/anaconda3/bin/mpirun -np 8 ./traffic_mr --in ../m2t3d/data/traffic_small.csv --partition weighted --print-hours 0 --verify --csv"
scaling,small,2016000,mr,8,8,weighted,on,168000,169806,1806,1.0129,1.4368,8.867,1.217,0.970,0.625,0.049,11.727,11533792086335220532,3,"/home/michael_pappas/anaconda3/bin/mpirun -np 8 ./traffic_mr --in ../m2t3d/data/traffic_small.csv --partition weighted --print-hours 0 --verify --csv"
scaling,small,2016000,mr,16,16,weighted,on,168000,171668,5560,1.0327,1.1861,9.031,0.884,0.771,0.422,0.075,11.183,11533792086335220532,1,"/home/michael_pappas/anaconda3/bin/mpirun -np 16 ./traffic_mr --in ../m2t3d/data/traffic_small.csv --partition weighted --print-hours 0 --verify --csv"
scaling,small,2016000,mr,16,16,weighted,on,168000,171668,5560,1.0327,1.1903,9.836,1.204,0.625,0.334,0.075,12.074,11533792086335220532,2,"/home/michael_pappas/anaconda3/bin/mpirun -np 16 ./traffic_mr --in ../m2t3d/data/traffic_small.csv --partition weighted --print-hours 0 --verify --csv"
scaling,small,2016000,mr,16,16,weighted,on,168000,171668,5560,1.0327,1.2824,10.633,0.901,0.773,0.422,0.106,12.836,11533792086335220532,3,"/home/michael_pappas/anaconda3/bin/mpirun -np 16 ./traffic_mr --in ../m2t3d/data/traffic_small.csv --partition weighted --print-hours 0 --verify --csv"
scaling,medium,20160000,m2t3d-seq,1,0,none,,,,,,,,,,,,377.273,4461579235480396692,1,"./traffic_sim seq --in ../m2t3d/data/traffic_medium.csv --print-hours 0 --csv"
scaling,medium,20160000,m2t3d-par,16,16,local,,,,,,,,,,,,77.0109,4461579235480396692,1,"./traffic_sim par --in ../m2t3d/data/traffic_medium.csv --producers 16 --consumers 16 --print-hours 0 --csv"
scaling,medium,20160000,m2t3d-seq,1,0,none,,,,,,,,,,,,368.943,4461579235480396692,2,"./traffic_sim seq --in ../m2t3d/data/traffic_medium.csv --print-hours 0 --csv"
scaling,medium,20160000,m2t3d-par,16,16,local,,,,,,,,,,,,69.4615,4461579235480396692,2,"./traffic_sim par --in ../m2t3d/data/traffic_medium.csv --producers 16 --consumers 16 --print-hours 0 --csv"
scaling,medium,20160000,m2t3d-seq,1,0,none,,,,,,,,,,,,367.4,4461579235480396692,3,"./traffic_sim seq --in ../m2t3d/data/traffic_medium.csv --print-hours 0 --csv"
scaling,medium,20160000,m2t3d-par,16,16,local,,,,,,,,,,,,72.4644,4461579235480396692,3,"./traffic_sim par --in ../m2t3d/data/traffic_medium.csv --producers 16 --consumers 16 --print-hours 0 --csv"
scaling,medium,20160000,mr,1,1,weighted,on,1680000,1680000,0,1.0000,1.0000,332.383,2.382,13.710,32.593,0.164,381.233,4461579235480396692,1,"/home/michael_pappas/anaconda3/bin/mpirun -np 1 ./traffic_mr --in ../m2t3d/data/traffic_medium.csv --partition weighted --print-hours 0 --verify --csv"
scaling,medium,20160000,mr,1,1,weighted,on,1680000,1680000,0,1.0000,1.0000,335.001,2.354,15.367,33.807,0.174,386.703,4461579235480396692,2,"/home/michael_pappas/anaconda3/bin/mpirun -np 1 ./traffic_mr --in ../m2t3d/data/traffic_medium.csv --partition weighted --print-hours 0 --verify --csv"
scaling,medium,20160000,mr,1,1,weighted,on,1680000,1680000,0,1.0000,1.0000,333.960,2.408,15.238,34.171,0.158,385.935,4461579235480396692,3,"/home/michael_pappas/anaconda3/bin/mpirun -np 1 ./traffic_mr --in ../m2t3d/data/traffic_medium.csv --partition weighted --print-hours 0 --verify --csv"
scaling,medium,20160000,mr,2,2,weighted,on,1680000,1680023,23,1.0000,1.0047,179.070,1.432,8.860,16.131,0.182,205.674,4461579235480396692,1,"/home/michael_pappas/anaconda3/bin/mpirun -np 2 ./traffic_mr --in ../m2t3d/data/traffic_medium.csv --partition weighted --print-hours 0 --verify --csv"
scaling,medium,20160000,mr,2,2,weighted,on,1680000,1680023,23,1.0000,1.1204,188.778,1.662,10.995,20.091,0.298,221.824,4461579235480396692,2,"/home/michael_pappas/anaconda3/bin/mpirun -np 2 ./traffic_mr --in ../m2t3d/data/traffic_medium.csv --partition weighted --print-hours 0 --verify --csv"
scaling,medium,20160000,mr,2,2,weighted,on,1680000,1680023,23,1.0000,1.0355,180.254,1.423,9.630,17.392,0.196,208.896,4461579235480396692,3,"/home/michael_pappas/anaconda3/bin/mpirun -np 2 ./traffic_mr --in ../m2t3d/data/traffic_medium.csv --partition weighted --print-hours 0 --verify --csv"
scaling,medium,20160000,mr,4,4,weighted,on,1680000,1681244,1244,1.0008,1.0188,109.192,1.138,5.065,8.443,0.176,124.013,4461579235480396692,1,"/home/michael_pappas/anaconda3/bin/mpirun -np 4 ./traffic_mr --in ../m2t3d/data/traffic_medium.csv --partition weighted --print-hours 0 --verify --csv"
scaling,medium,20160000,mr,4,4,weighted,on,1680000,1681244,1244,1.0008,1.0146,111.639,1.194,4.878,8.566,0.321,126.598,4461579235480396692,2,"/home/michael_pappas/anaconda3/bin/mpirun -np 4 ./traffic_mr --in ../m2t3d/data/traffic_medium.csv --partition weighted --print-hours 0 --verify --csv"
scaling,medium,20160000,mr,4,4,weighted,on,1680000,1681244,1244,1.0008,1.0302,104.835,0.968,5.231,8.507,0.171,119.713,4461579235480396692,3,"/home/michael_pappas/anaconda3/bin/mpirun -np 4 ./traffic_mr --in ../m2t3d/data/traffic_medium.csv --partition weighted --print-hours 0 --verify --csv"
scaling,medium,20160000,mr,8,8,weighted,on,1680000,1683469,3469,1.0028,1.3639,76.234,0.804,4.072,5.995,0.215,87.318,4461579235480396692,1,"/home/michael_pappas/anaconda3/bin/mpirun -np 8 ./traffic_mr --in ../m2t3d/data/traffic_medium.csv --partition weighted --print-hours 0 --verify --csv"
scaling,medium,20160000,mr,8,8,weighted,on,1680000,1683469,3469,1.0028,1.1386,70.557,0.813,4.466,5.163,0.285,81.283,4461579235480396692,2,"/home/michael_pappas/anaconda3/bin/mpirun -np 8 ./traffic_mr --in ../m2t3d/data/traffic_medium.csv --partition weighted --print-hours 0 --verify --csv"
scaling,medium,20160000,mr,8,8,weighted,on,1680000,1683469,3469,1.0028,1.3590,67.322,0.945,4.140,5.836,0.196,78.439,4461579235480396692,3,"/home/michael_pappas/anaconda3/bin/mpirun -np 8 ./traffic_mr --in ../m2t3d/data/traffic_medium.csv --partition weighted --print-hours 0 --verify --csv"
scaling,medium,20160000,mr,16,16,weighted,on,1680000,1687131,7131,1.0053,1.1711,62.001,1.222,4.172,3.039,0.350,70.783,4461579235480396692,1,"/home/michael_pappas/anaconda3/bin/mpirun -np 16 ./traffic_mr --in ../m2t3d/data/traffic_medium.csv --partition weighted --print-hours 0 --verify --csv"
scaling,medium,20160000,mr,16,16,weighted,on,1680000,1687131,7131,1.0053,1.1994,64.062,1.136,3.972,3.106,0.333,72.609,4461579235480396692,2,"/home/michael_pappas/anaconda3/bin/mpirun -np 16 ./traffic_mr --in ../m2t3d/data/traffic_medium.csv --partition weighted --print-hours 0 --verify --csv"
scaling,medium,20160000,mr,16,16,weighted,on,1680000,1687131,7131,1.0053,1.1392,60.289,1.101,4.274,3.099,0.234,68.997,4461579235480396692,3,"/home/michael_pappas/anaconda3/bin/mpirun -np 16 ./traffic_mr --in ../m2t3d/data/traffic_medium.csv --partition weighted --print-hours 0 --verify --csv"
scaling,large,60480000,m2t3d-seq,1,0,none,,,,,,,,,,,,1103.25,9710425931372569117,1,"./traffic_sim seq --in ../m2t3d/data/traffic_large.csv --print-hours 0 --csv"
scaling,large,60480000,m2t3d-par,16,16,local,,,,,,,,,,,,182.053,9710425931372569117,1,"./traffic_sim par --in ../m2t3d/data/traffic_large.csv --producers 16 --consumers 16 --print-hours 0 --csv"
scaling,large,60480000,m2t3d-seq,1,0,none,,,,,,,,,,,,1117.23,9710425931372569117,2,"./traffic_sim seq --in ../m2t3d/data/traffic_large.csv --print-hours 0 --csv"
scaling,large,60480000,m2t3d-par,16,16,local,,,,,,,,,,,,183.74,9710425931372569117,2,"./traffic_sim par --in ../m2t3d/data/traffic_large.csv --producers 16 --consumers 16 --print-hours 0 --csv"
scaling,large,60480000,m2t3d-seq,1,0,none,,,,,,,,,,,,1114.02,9710425931372569117,3,"./traffic_sim seq --in ../m2t3d/data/traffic_large.csv --print-hours 0 --csv"
scaling,large,60480000,m2t3d-par,16,16,local,,,,,,,,,,,,181.59,9710425931372569117,3,"./traffic_sim par --in ../m2t3d/data/traffic_large.csv --producers 16 --consumers 16 --print-hours 0 --csv"
scaling,large,60480000,mr,1,1,weighted,on,5040000,5040000,0,1.0000,1.0000,975.255,7.711,57.786,97.487,0.290,1138.528,9710425931372569117,1,"/home/michael_pappas/anaconda3/bin/mpirun -np 1 ./traffic_mr --in ../m2t3d/data/traffic_large.csv --partition weighted --print-hours 0 --verify --csv"
scaling,large,60480000,mr,1,1,weighted,on,5040000,5040000,0,1.0000,1.0000,976.154,7.592,61.916,96.760,0.320,1142.743,9710425931372569117,2,"/home/michael_pappas/anaconda3/bin/mpirun -np 1 ./traffic_mr --in ../m2t3d/data/traffic_large.csv --partition weighted --print-hours 0 --verify --csv"
scaling,large,60480000,mr,1,1,weighted,on,5040000,5040000,0,1.0000,1.0000,963.127,7.579,58.722,97.682,0.296,1127.406,9710425931372569117,3,"/home/michael_pappas/anaconda3/bin/mpirun -np 1 ./traffic_mr --in ../m2t3d/data/traffic_large.csv --partition weighted --print-hours 0 --verify --csv"
scaling,large,60480000,mr,2,2,weighted,on,5040000,5040015,15,1.0000,1.0041,516.534,4.080,34.143,48.586,0.315,603.659,9710425931372569117,1,"/home/michael_pappas/anaconda3/bin/mpirun -np 2 ./traffic_mr --in ../m2t3d/data/traffic_large.csv --partition weighted --print-hours 0 --verify --csv"
scaling,large,60480000,mr,2,2,weighted,on,5040000,5040015,15,1.0000,1.0012,512.405,3.930,32.759,47.662,0.325,597.081,9710425931372569117,2,"/home/michael_pappas/anaconda3/bin/mpirun -np 2 ./traffic_mr --in ../m2t3d/data/traffic_large.csv --partition weighted --print-hours 0 --verify --csv"
scaling,large,60480000,mr,2,2,weighted,on,5040000,5040015,15,1.0000,1.0174,519.503,4.054,39.225,51.627,0.308,614.718,9710425931372569117,3,"/home/michael_pappas/anaconda3/bin/mpirun -np 2 ./traffic_mr --in ../m2t3d/data/traffic_large.csv --partition weighted --print-hours 0 --verify --csv"
scaling,large,60480000,mr,4,4,weighted,on,5040000,5040069,69,1.0000,1.0224,317.501,2.556,26.692,25.882,0.335,372.965,9710425931372569117,1,"/home/michael_pappas/anaconda3/bin/mpirun -np 4 ./traffic_mr --in ../m2t3d/data/traffic_large.csv --partition weighted --print-hours 0 --verify --csv"
scaling,large,60480000,mr,4,4,weighted,on,5040000,5040069,69,1.0000,1.0800,308.936,2.669,22.031,28.754,0.343,362.732,9710425931372569117,2,"/home/michael_pappas/anaconda3/bin/mpirun -np 4 ./traffic_mr --in ../m2t3d/data/traffic_large.csv --partition weighted --print-hours 0 --verify --csv"
scaling,large,60480000,mr,4,4,weighted,on,5040000,5040069,69,1.0000,1.0212,295.006,2.077,28.253,25.571,0.324,351.230,9710425931372569117,3,"/home/michael_pappas/anaconda3/bin/mpirun -np 4 ./traffic_mr --in ../m2t3d/data/traffic_large.csv --partition weighted --print-hours 0 --verify --csv"
scaling,large,60480000,mr,8,8,weighted,on,5040000,5043934,3934,1.0008,1.0775,188.384,2.227,14.757,14.784,0.491,220.642,9710425931372569117,1,"/home/michael_pappas/anaconda3/bin/mpirun -np 8 ./traffic_mr --in ../m2t3d/data/traffic_large.csv --partition weighted --print-hours 0 --verify --csv"
scaling,large,60480000,mr,8,8,weighted,on,5040000,5043934,3934,1.0008,1.1730,197.631,2.908,13.799,16.151,0.330,230.819,9710425931372569117,2,"/home/michael_pappas/anaconda3/bin/mpirun -np 8 ./traffic_mr --in ../m2t3d/data/traffic_large.csv --partition weighted --print-hours 0 --verify --csv"
scaling,large,60480000,mr,8,8,weighted,on,5040000,5043934,3934,1.0008,1.0625,191.708,1.660,13.022,14.253,0.336,220.978,9710425931372569117,3,"/home/michael_pappas/anaconda3/bin/mpirun -np 8 ./traffic_mr --in ../m2t3d/data/traffic_large.csv --partition weighted --print-hours 0 --verify --csv"
scaling,large,60480000,mr,16,16,weighted,on,5040000,5050825,10825,1.0027,1.1969,144.292,2.206,14.006,9.862,0.418,170.784,9710425931372569117,1,"/home/michael_pappas/anaconda3/bin/mpirun -np 16 ./traffic_mr --in ../m2t3d/data/traffic_large.csv --partition weighted --print-hours 0 --verify --csv"
scaling,large,60480000,mr,16,16,weighted,on,5040000,5050825,10825,1.0027,1.1938,154.676,2.246,14.450,10.092,0.341,181.805,9710425931372569117,2,"/home/michael_pappas/anaconda3/bin/mpirun -np 16 ./traffic_mr --in ../m2t3d/data/traffic_large.csv --partition weighted --print-hours 0 --verify --csv"
scaling,large,60480000,mr,16,16,weighted,on,5040000,5050825,10825,1.0027,1.1910,163.470,2.168,14.104,9.565,0.507,189.813,9710425931372569117,3,"/home/michael_pappas/anaconda3/bin/mpirun -np 16 ./traffic_mr --in ../m2t3d/data/traffic_large.csv --partition weighted --print-hours 0 --verify --csv"
scaling,xlarge,120960000,m2t3d-seq,1,0,none,,,,,,,,,,,,2467.33,13424833470457945770,1,"./traffic_sim seq --in ../m2t3d/data/traffic_xlarge.csv --print-hours 0 --csv"
scaling,xlarge,120960000,m2t3d-par,16,16,local,,,,,,,,,,,,410.698,13424833470457945770,1,"./traffic_sim par --in ../m2t3d/data/traffic_xlarge.csv --producers 16 --consumers 16 --print-hours 0 --csv"
scaling,xlarge,120960000,m2t3d-seq,1,0,none,,,,,,,,,,,,2329.48,13424833470457945770,2,"./traffic_sim seq --in ../m2t3d/data/traffic_xlarge.csv --print-hours 0 --csv"
scaling,xlarge,120960000,m2t3d-par,16,16,local,,,,,,,,,,,,452.028,13424833470457945770,2,"./traffic_sim par --in ../m2t3d/data/traffic_xlarge.csv --producers 16 --consumers 16 --print-hours 0 --csv"
scaling,xlarge,120960000,m2t3d-seq,1,0,none,,,,,,,,,,,,2307.51,13424833470457945770,3,"./traffic_sim seq --in ../m2t3d/data/traffic_xlarge.csv --print-hours 0 --csv"
scaling,xlarge,120960000,m2t3d-par,16,16,local,,,,,,,,,,,,385.632,13424833470457945770,3,"./traffic_sim par --in ../m2t3d/data/traffic_xlarge.csv --producers 16 --consumers 16 --print-hours 0 --csv"
scaling,xlarge,120960000,mr,1,1,weighted,on,10080000,10080000,0,1.0000,1.0000,1967.697,13.993,112.768,192.762,0.493,2287.712,13424833470457945770,1,"/home/michael_pappas/anaconda3/bin/mpirun -np 1 ./traffic_mr --in ../m2t3d/data/traffic_xlarge.csv --partition weighted --print-hours 0 --verify --csv"
scaling,xlarge,120960000,mr,1,1,weighted,on,10080000,10080000,0,1.0000,1.0000,1995.904,16.055,120.680,192.510,0.677,2325.826,13424833470457945770,2,"/home/michael_pappas/anaconda3/bin/mpirun -np 1 ./traffic_mr --in ../m2t3d/data/traffic_xlarge.csv --partition weighted --print-hours 0 --verify --csv"
scaling,xlarge,120960000,mr,1,1,weighted,on,10080000,10080000,0,1.0000,1.0000,1979.708,15.389,125.538,200.288,0.692,2321.615,13424833470457945770,3,"/home/michael_pappas/anaconda3/bin/mpirun -np 1 ./traffic_mr --in ../m2t3d/data/traffic_xlarge.csv --partition weighted --print-hours 0 --verify --csv"
scaling,xlarge,120960000,mr,2,2,weighted,on,10080000,10080078,78,1.0000,1.0097,1034.165,7.566,66.641,98.586,0.500,1207.459,13424833470457945770,1,"/home/michael_pappas/anaconda3/bin/mpirun -np 2 ./traffic_mr --in ../m2t3d/data/traffic_xlarge.csv --partition weighted --print-hours 0 --verify --csv"
scaling,xlarge,120960000,mr,2,2,weighted,on,10080000,10080078,78,1.0000,1.0027,1027.145,8.002,67.442,98.050,0.457,1201.098,13424833470457945770,2,"/home/michael_pappas/anaconda3/bin/mpirun -np 2 ./traffic_mr --in ../m2t3d/data/traffic_xlarge.csv --partition weighted --print-hours 0 --verify --csv"
scaling,xlarge,120960000,mr,2,2,weighted,on,10080000,10080078,78,1.0000,1.0238,1057.344,8.258,78.658,104.349,0.467,1249.076,13424833470457945770,3,"/home/michael_pappas/anaconda3/bin/mpirun -np 2 ./traffic_mr --in ../m2t3d/data/traffic_xlarge.csv --partition weighted --print-hours 0 --verify --csv"
scaling,xlarge,120960000,mr,4,4,weighted,on,10080000,10082527,2527,1.0003,1.0144,585.606,5.012,40.805,50.174,0.461,682.057,13424833470457945770,1,"/home/michael_pappas/anaconda3/bin/mpirun -np 4 ./traffic_mr --in ../m2t3d/data/traffic_xlarge.csv --partition weighted --print-hours 0 --verify --csv"
scaling,xlarge,120960000,mr,4,4,weighted,on,10080000,10082527,2527,1.0003,1.0153,577.318,4.082,40.171,50.677,0.464,672.713,13424833470457945770,2,"/home/michael_pappas/anaconda3/bin/mpirun -np 4 ./traffic_mr --in ../m2t3d/data/traffic_xlarge.csv --partition weighted --print-hours 0 --verify --csv"
scaling,xlarge,120960000,mr,4,4,weighted,on,10080000,10082527,2527,1.0003,1.0089,587.752,4.563,39.361,48.754,0.458,680.889,13424833470457945770,3,"/home/michael_pappas/anaconda3/bin/mpirun -np 4 ./traffic_mr --in ../m2t3d/data/traffic_xlarge.csv --partition weighted --print-hours 0 --verify --csv"
scaling,xlarge,120960000,mr,8,8,weighted,on,10080000,10087025,7025,1.0009,1.0386,349.009,4.507,33.907,28.118,0.694,416.236,13424833470457945770,1,"/home/michael_pappas/anaconda3/bin/mpirun -np 8 ./traffic_mr --in ../m2t3d/data/traffic_xlarge.csv --partition weighted --print-hours 0 --verify --csv"
scaling,xlarge,120960000,mr,8,8,weighted,on,10080000,10087025,7025,1.0009,1.0754,334.003,3.270,28.622,28.603,0.454,394.951,13424833470457945770,2,"/home/michael_pappas/anaconda3/bin/mpirun -np 8 ./traffic_mr --in ../m2t3d/data/traffic_xlarge.csv --partition weighted --print-hours 0 --verify --csv"
scaling,xlarge,120960000,mr,8,8,weighted,on,10080000,10087025,7025,1.0009,1.0316,359.740,4.672,34.972,26.569,0.526,426.480,13424833470457945770,3,"/home/michael_pappas/anaconda3/bin/mpirun -np 8 ./traffic_mr --in ../m2t3d/data/traffic_xlarge.csv --partition weighted --print-hours 0 --verify --csv"
scaling,xlarge,120960000,mr,16,16,weighted,on,10080000,10094261,26261,1.0025,1.2121,277.268,3.662,27.401,19.272,0.563,328.165,13424833470457945770,1,"/home/michael_pappas/anaconda3/bin/mpirun -np 16 ./traffic_mr --in ../m2t3d/data/traffic_xlarge.csv --partition weighted --print-hours 0 --verify --csv"
scaling,xlarge,120960000,mr,16,16,weighted,on,10080000,10094261,26261,1.0025,1.1804,302.761,3.685,27.838,19.477,0.538,354.299,13424833470457945770,2,"/home/michael_pappas/anaconda3/bin/mpirun -np 16 ./traffic_mr --in ../m2t3d/data/traffic_xlarge.csv --partition weighted --print-hours 0 --verify --csv"
scaling,xlarge,120960000,mr,16,16,weighted,on,10080000,10094261,26261,1.0025,1.1516,307.600,8.521,32.215,19.651,0.721,368.707,13424833470457945770,3,"/home/michael_pappas/anaconda3/bin/mpirun -np 16 ./traffic_mr --in ../m2t3d/data/traffic_xlarge.csv --partition weighted --print-hours 0 --verify --csv"
skew,skew_rollout,19817364,mr,1,1,block,on,1651447,1651447,0,1.0000,1.0000,353.662,0.035,20.487,32.390,0.302,406.876,1082557218533833038,1,"/home/michael_pappas/anaconda3/bin/mpirun -np 1 ./traffic_mr --in data/skew_rollout.csv --partition block --print-hours 0 --verify --csv"
skew,skew_rollout,19817364,mr,1,1,block,on,1651447,1651447,0,1.0000,1.0000,336.371,0.036,22.702,32.891,0.311,392.311,1082557218533833038,2,"/home/michael_pappas/anaconda3/bin/mpirun -np 1 ./traffic_mr --in data/skew_rollout.csv --partition block --print-hours 0 --verify --csv"
skew,skew_rollout,19817364,mr,1,1,block,on,1651447,1651447,0,1.0000,1.0000,344.813,0.034,23.181,33.706,0.316,402.050,1082557218533833038,3,"/home/michael_pappas/anaconda3/bin/mpirun -np 1 ./traffic_mr --in data/skew_rollout.csv --partition block --print-hours 0 --verify --csv"
skew,skew_rollout,19817364,mr,2,2,block,on,1651447,1651809,337969,1.4091,1.4080,180.156,0.116,10.798,22.840,0.442,214.352,1082557218533833038,1,"/home/michael_pappas/anaconda3/bin/mpirun -np 2 ./traffic_mr --in data/skew_rollout.csv --partition block --print-hours 0 --verify --csv"
skew,skew_rollout,19817364,mr,2,2,block,on,1651447,1651809,337969,1.4091,1.4190,178.468,0.125,10.753,23.752,0.388,213.486,1082557218533833038,2,"/home/michael_pappas/anaconda3/bin/mpirun -np 2 ./traffic_mr --in data/skew_rollout.csv --partition block --print-hours 0 --verify --csv"
skew,skew_rollout,19817364,mr,2,2,block,on,1651447,1651809,337969,1.4091,1.4248,187.515,0.119,10.331,23.879,0.338,222.181,1082557218533833038,3,"/home/michael_pappas/anaconda3/bin/mpirun -np 2 ./traffic_mr --in data/skew_rollout.csv --partition block --print-hours 0 --verify --csv"
skew,skew_rollout,19817364,mr,4,4,block,on,1651447,1652347,844658,1.6126,1.5868,114.348,0.306,8.682,13.411,0.329,137.076,1082557218533833038,1,"/home/michael_pappas/anaconda3/bin/mpirun -np 4 ./traffic_mr --in data/skew_rollout.csv --partition block --print-hours 0 --verify --csv"
skew,skew_rollout,19817364,mr,4,4,block,on,1651447,1652347,844658,1.6126,1.6128,130.427,0.147,7.909,13.588,0.359,152.431,1082557218533833038,2,"/home/michael_pappas/anaconda3/bin/mpirun -np 4 ./traffic_mr --in data/skew_rollout.csv --partition block --print-hours 0 --verify --csv"
skew,skew_rollout,19817364,mr,4,4,block,on,1651447,1652347,844658,1.6126,1.5270,110.304,0.130,6.568,13.591,0.369,130.962,1082557218533833038,3,"/home/michael_pappas/anaconda3/bin/mpirun -np 4 ./traffic_mr --in data/skew_rollout.csv --partition block --print-hours 0 --verify --csv"
skew,skew_rollout,19817364,mr,8,8,block,on,1651447,1654734,1332457,1.7198,1.5177,77.810,0.325,7.044,7.515,0.449,93.143,1082557218533833038,1,"/home/michael_pappas/anaconda3/bin/mpirun -np 8 ./traffic_mr --in data/skew_rollout.csv --partition block --print-hours 0 --verify --csv"
skew,skew_rollout,19817364,mr,8,8,block,on,1651447,1654734,1332457,1.7198,1.7590,63.208,0.296,5.157,8.394,0.338,77.392,1082557218533833038,2,"/home/michael_pappas/anaconda3/bin/mpirun -np 8 ./traffic_mr --in data/skew_rollout.csv --partition block --print-hours 0 --verify --csv"
skew,skew_rollout,19817364,mr,8,8,block,on,1651447,1654734,1332457,1.7198,1.5512,64.633,0.226,4.244,7.327,0.342,76.773,1082557218533833038,3,"/home/michael_pappas/anaconda3/bin/mpirun -np 8 ./traffic_mr --in data/skew_rollout.csv --partition block --print-hours 0 --verify --csv"
skew,skew_rollout,19817364,mr,16,16,block,on,1651447,1660518,1511809,1.7951,2.0107,59.421,0.409,4.933,5.234,0.562,70.558,1082557218533833038,1,"/home/michael_pappas/anaconda3/bin/mpirun -np 16 ./traffic_mr --in data/skew_rollout.csv --partition block --print-hours 0 --verify --csv"
skew,skew_rollout,19817364,mr,16,16,block,on,1651447,1660518,1511809,1.7951,2.0329,60.694,0.666,5.280,5.413,0.516,72.568,1082557218533833038,2,"/home/michael_pappas/anaconda3/bin/mpirun -np 16 ./traffic_mr --in data/skew_rollout.csv --partition block --print-hours 0 --verify --csv"
skew,skew_rollout,19817364,mr,16,16,block,on,1651447,1660518,1511809,1.7951,1.7887,59.263,0.385,5.162,5.336,0.545,70.691,1082557218533833038,3,"/home/michael_pappas/anaconda3/bin/mpirun -np 16 ./traffic_mr --in data/skew_rollout.csv --partition block --print-hours 0 --verify --csv"
skew,skew_rollout,19817364,mr,1,1,hash,on,1651447,1651447,0,1.0000,1.0000,339.493,0.026,19.103,32.063,0.305,390.991,1082557218533833038,1,"/home/michael_pappas/anaconda3/bin/mpirun -np 1 ./traffic_mr --in data/skew_rollout.csv --partition hash --print-hours 0 --verify --csv"
skew,skew_rollout,19817364,mr,1,1,hash,on,1651447,1651447,0,1.0000,1.0000,354.304,0.026,24.731,32.471,0.288,411.821,1082557218533833038,2,"/home/michael_pappas/anaconda3/bin/mpirun -np 1 ./traffic_mr --in data/skew_rollout.csv --partition hash --print-hours 0 --verify --csv"
skew,skew_rollout,19817364,mr,1,1,hash,on,1651447,1651447,0,1.0000,1.0000,338.409,0.023,21.567,32.925,0.295,393.219,1082557218533833038,3,"/home/michael_pappas/anaconda3/bin/mpirun -np 1 ./traffic_mr --in data/skew_rollout.csv --partition hash --print-hours 0 --verify --csv"
skew,skew_rollout,19817364,mr,2,2,hash,on,1651447,1651809,809632,1.0049,1.0352,190.241,0.101,10.441,17.914,0.561,219.258,1082557218533833038,1,"/home/michael_pappas/anaconda3/bin/mpirun -np 2 ./traffic_mr --in data/skew_rollout.csv --partition hash --print-hours 0 --verify --csv"
skew,skew_rollout,19817364,mr,2,2,hash,on,1651447,1651809,809632,1.0049,1.0316,186.942,0.116,9.325,17.956,0.624,214.961,1082557218533833038,2,"/home/michael_pappas/anaconda3/bin/mpirun -np 2 ./traffic_mr --in data/skew_rollout.csv --partition hash --print-hours 0 --verify --csv"
skew,skew_rollout,19817364,mr,2,2,hash,on,1651447,1651809,809632,1.0049,1.0057,189.898,0.103,9.234,17.338,0.566,217.138,1082557218533833038,3,"/home/michael_pappas/anaconda3/bin/mpirun -np 2 ./traffic_mr --in data/skew_rollout.csv --partition hash --print-hours 0 --verify --csv"
skew,skew_rollout,19817364,mr,4,4,hash,on,1651447,1652347,1246616,1.0358,1.0972,109.999,0.129,5.557,10.119,0.537,126.341,1082557218533833038,1,"/home/michael_pappas/anaconda3/bin/mpirun -np 4 ./traffic_mr --in data/skew_rollout.csv --partition hash --print-hours 0 --verify --csv"
skew,skew_rollout,19817364,mr,4,4,hash,on,1651447,1652347,1246616,1.0358,1.0290,99.758,0.274,7.576,9.313,0.523,117.444,1082557218533833038,2,"/home/michael_pappas/anaconda3/bin/mpirun -np 4 ./traffic_mr --in data/skew_rollout.csv --partition hash --print-hours 0 --verify --csv"
skew,skew_rollout,19817364,mr,4,4,hash,on,1651447,1652347,1246616,1.0358,1.0829,101.246,0.163,6.635,11.087,0.521,119.651,1082557218533833038,3,"/home/michael_pappas/anaconda3/bin/mpirun -np 4 ./traffic_mr --in data/skew_rollout.csv --partition hash --print-hours 0 --verify --csv"
skew,skew_rollout,19817364,mr,8,8,hash,on,1651447,1654734,1446965,1.0684,1.3194,77.189,0.213,6.796,6.651,0.826,91.675,1082557218533833038,1,"/home/michael_pappas/anaconda3/bin/mpirun -np 8 ./traffic_mr --in data/skew_rollout.csv --partition hash --print-hours 0 --verify --csv"
skew,skew_rollout,19817364,mr,8,8,hash,on,1651447,1654734,1446965,1.0684,1.2183,68.563,0.262,5.097,5.979,0.568,80.469,1082557218533833038,2,"/home/michael_pappas/anaconda3/bin/mpirun -np 8 ./traffic_mr --in data/skew_rollout.csv --partition hash --print-hours 0 --verify --csv"
skew,skew_rollout,19817364,mr,8,8,hash,on,1651447,1654734,1446965,1.0684,1.2603,85.690,0.289,6.234,6.286,0.816,99.315,1082557218533833038,3,"/home/michael_pappas/anaconda3/bin/mpirun -np 8 ./traffic_mr --in data/skew_rollout.csv --partition hash --print-hours 0 --verify --csv"
skew,skew_rollout,19817364,mr,16,16,hash,on,1651447,1660518,1556930,1.1014,1.2628,61.095,0.587,6.643,4.198,0.767,73.289,1082557218533833038,1,"/home/michael_pappas/anaconda3/bin/mpirun -np 16 ./traffic_mr --in data/skew_rollout.csv --partition hash --print-hours 0 --verify --csv"
skew,skew_rollout,19817364,mr,16,16,hash,on,1651447,1660518,1556930,1.1014,1.2511,60.342,0.453,6.088,3.754,0.856,71.493,1082557218533833038,2,"/home/michael_pappas/anaconda3/bin/mpirun -np 16 ./traffic_mr --in data/skew_rollout.csv --partition hash --print-hours 0 --verify --csv"
skew,skew_rollout,19817364,mr,16,16,hash,on,1651447,1660518,1556930,1.1014,1.2964,60.311,0.467,6.026,3.888,0.847,71.539,1082557218533833038,3,"/home/michael_pappas/anaconda3/bin/mpirun -np 16 ./traffic_mr --in data/skew_rollout.csv --partition hash --print-hours 0 --verify --csv"
skew,skew_rollout,19817364,mr,1,1,weighted,on,1651447,1651447,0,1.0000,1.0000,334.528,2.364,19.060,32.468,0.317,388.738,1082557218533833038,1,"/home/michael_pappas/anaconda3/bin/mpirun -np 1 ./traffic_mr --in data/skew_rollout.csv --partition weighted --print-hours 0 --verify --csv"
skew,skew_rollout,19817364,mr,1,1,weighted,on,1651447,1651447,0,1.0000,1.0000,356.247,2.333,19.505,32.364,0.306,410.754,1082557218533833038,2,"/home/michael_pappas/anaconda3/bin/mpirun -np 1 ./traffic_mr --in data/skew_rollout.csv --partition weighted --print-hours 0 --verify --csv"
skew,skew_rollout,19817364,mr,1,1,weighted,on,1651447,1651447,0,1.0000,1.0000,342.431,2.247,18.033,31.337,0.317,394.366,1082557218533833038,3,"/home/michael_pappas/anaconda3/bin/mpirun -np 1 ./traffic_mr --in data/skew_rollout.csv --partition weighted --print-hours 0 --verify --csv"
skew,skew_rollout,19817364,mr,2,2,weighted,on,1651447,1651809,362,1.0003,1.0001,189.364,1.685,9.610,16.958,0.339,217.957,1082557218533833038,1,"/home/michael_pappas/anaconda3/bin/mpirun -np 2 ./traffic_mr --in data/skew_rollout.csv --partition weighted --print-hours 0 --verify --csv"
skew,skew_rollout,19817364,mr,2,2,weighted,on,1651447,1651809,362,1.0003,1.0149,185.820,1.600,8.938,16.403,0.347,213.108,1082557218533833038,2,"/home/michael_pappas/anaconda3/bin/mpirun -np 2 ./traffic_mr --in data/skew_rollout.csv --partition weighted --print-hours 0 --verify --csv"
skew,skew_rollout,19817364,mr,2,2,weighted,on,1651447,1651809,362,1.0003,1.0070,187.412,1.382,8.754,16.002,0.351,213.901,1082557218533833038,3,"/home/michael_pappas/anaconda3/bin/mpirun -np 2 ./traffic_mr --in data/skew_rollout.csv --partition weighted --print-hours 0 --verify --csv"
skew,skew_rollout,19817364,mr,4,4,weighted,on,1651447,1652347,900,1.0010,1.0231,104.659,1.160,7.212,8.394,0.352,121.777,1082557218533833038,1,"/home/michael_pappas/anaconda3/bin/mpirun -np 4 ./traffic_mr --in data/skew_rollout.csv --partition weighted --print-hours 0 --verify --csv"
skew,skew_rollout,19817364,mr,4,4,weighted,on,1651447,1652347,900,1.0010,1.0493,100.688,0.996,6.842,9.324,0.391,118.241,1082557218533833038,2,"/home/michael_pappas/anaconda3/bin/mpirun -np 4 ./traffic_mr --in data/skew_rollout.csv --partition weighted --print-hours 0 --verify --csv"
skew,skew_rollout,19817364,mr,4,4,weighted,on,1651447,1652347,900,1.0010,1.0382,102.987,1.038,6.274,8.864,0.397,119.561,1082557218533833038,3,"/home/michael_pappas/anaconda3/bin/mpirun -np 4 ./traffic_mr --in data/skew_rollout.csv --partition weighted --print-hours 0 --verify --csv"
skew,skew_rollout,19817364,mr,8,8,weighted,on,1651447,1654734,4199,1.0017,1.0749,72.189,0.966,4.102,4.627,0.359,82.242,1082557218533833038,1,"/home/michael_pappas/anaconda3/bin/mpirun -np 8 ./traffic_mr --in data/skew_rollout.csv --partition weighted --print-hours 0 --verify --csv"
skew,skew_rollout,19817364,mr,8,8,weighted,on,1651447,1654734,4199,1.0017,1.1272,65.483,1.215,4.931,5.304,0.364,77.297,1082557218533833038,2,"/home/michael_pappas/anaconda3/bin/mpirun -np 8 ./traffic_mr --in data/skew_rollout.csv --partition weighted --print-hours 0 --verify --csv"
skew,skew_rollout,19817364,mr,8,8,weighted,on,1651447,1654734,4199,1.0017,1.2174,70.254,0.865,5.425,5.620,0.419,82.583,1082557218533833038,3,"/home/michael_pappas/anaconda3/bin/mpirun -np 8 ./traffic_mr --in data/skew_rollout.csv --partition weighted --print-hours 0 --verify --csv"
skew,skew_rollout,19817364,mr,16,16,weighted,on,1651447,1660518,11413,1.0102,1.0966,57.895,1.340,5.104,3.241,0.593,68.173,1082557218533833038,1,"/home/michael_pappas/anaconda3/bin/mpirun -np 16 ./traffic_mr --in data/skew_rollout.csv --partition weighted --print-hours 0 --verify --csv"
skew,skew_rollout,19817364,mr,16,16,weighted,on,1651447,1660518,11413,1.0102,1.0839,64.680,1.372,4.283,3.097,0.468,73.899,1082557218533833038,2,"/home/michael_pappas/anaconda3/bin/mpirun -np 16 ./traffic_mr --in data/skew_rollout.csv --partition weighted --print-hours 0 --verify --csv"
skew,skew_rollout,19817364,mr,16,16,weighted,on,1651447,1660518,11413,1.0102,1.2626,59.515,1.521,4.981,3.580,0.597,70.193,1082557218533833038,3,"/home/michael_pappas/anaconda3/bin/mpirun -np 16 ./traffic_mr --in data/skew_rollout.csv --partition weighted --print-hours 0 --verify --csv"
skew,skew_rollout,19817364,mr,1,1,light,on,1651447,1651447,0,1.0000,1.0000,339.290,0.030,22.377,33.284,0.322,395.303,1082557218533833038,1,"/home/michael_pappas/anaconda3/bin/mpirun -np 1 ./traffic_mr --in data/skew_rollout.csv --partition light --print-hours 0 --verify --csv"
skew,skew_rollout,19817364,mr,1,1,light,on,1651447,1651447,0,1.0000,1.0000,349.398,0.030,22.368,32.800,0.310,404.906,1082557218533833038,2,"/home/michael_pappas/anaconda3/bin/mpirun -np 1 ./traffic_mr --in data/skew_rollout.csv --partition light --print-hours 0 --verify --csv"
skew,skew_rollout,19817364,mr,1,1,light,on,1651447,1651447,0,1.0000,1.0000,330.150,0.030,23.373,33.219,0.354,387.127,1082557218533833038,3,"/home/michael_pappas/anaconda3/bin/mpirun -np 1 ./traffic_mr --in data/skew_rollout.csv --partition light --print-hours 0 --verify --csv"
skew,skew_rollout,19817364,mr,2,2,light,on,1651447,1651809,825909,1.0002,1.0041,182.357,0.122,9.114,17.372,1.742,210.707,1082557218533833038,1,"/home/michael_pappas/anaconda3/bin/mpirun -np 2 ./traffic_mr --in data/skew_rollout.csv --partition light --print-hours 0 --verify --csv"
skew,skew_rollout,19817364,mr,2,2,light,on,1651447,1651809,825909,1.0002,1.0272,181.962,0.124,9.164,18.150,2.161,211.560,1082557218533833038,2,"/home/michael_pappas/anaconda3/bin/mpirun -np 2 ./traffic_mr --in data/skew_rollout.csv --partition light --print-hours 0 --verify --csv"
skew,skew_rollout,19817364,mr,2,2,light,on,1651447,1651809,825909,1.0002,1.0142,192.148,0.109,9.046,17.528,1.719,220.550,1082557218533833038,3,"/home/michael_pappas/anaconda3/bin/mpirun -np 2 ./traffic_mr --in data/skew_rollout.csv --partition light --print-hours 0 --verify --csv"
skew,skew_rollout,19817364,mr,4,4,light,on,1651447,1652347,1237812,1.0013,1.0922,109.346,0.145,6.616,11.018,2.469,129.594,1082557218533833038,1,"/home/michael_pappas/anaconda3/bin/mpirun -np 4 ./traffic_mr --in data/skew_rollout.csv --partition light --print-hours 0 --verify --csv"
skew,skew_rollout,19817364,mr,4,4,light,on,1651447,1652347,1237812,1.0013,1.0161,100.029,0.152,6.748,10.033,2.478,119.439,1082557218533833038,2,"/home/michael_pappas/anaconda3/bin/mpirun -np 4 ./traffic_mr --in data/skew_rollout.csv --partition light --print-hours 0 --verify --csv"
skew,skew_rollout,19817364,mr,4,4,light,on,1651447,1652347,1237812,1.0013,1.0203,104.366,0.160,5.948,9.768,2.909,123.152,1082557218533833038,3,"/home/michael_pappas/anaconda3/bin/mpirun -np 4 ./traffic_mr --in data/skew_rollout.csv --partition light --print-hours 0 --verify --csv"
skew,skew_rollout,19817364,mr,8,8,light,on,1651447,1654734,1447928,1.0035,1.1015,69.972,0.294,8.020,6.523,5.063,89.873,1082557218533833038,1,"/home/michael_pappas/anaconda3/bin/mpirun -np 8 ./traffic_mr --in data/skew_rollout.csv --partition light --print-hours 0 --verify --csv"
skew,skew_rollout,19817364,mr,8,8,light,on,1651447,1654734,1447928,1.0035,1.2331,78.152,0.375,7.998,6.910,5.281,98.717,1082557218533833038,2,"/home/michael_pappas/anaconda3/bin/mpirun -np 8 ./traffic_mr --in data/skew_rollout.csv --partition light --print-hours 0 --verify --csv"
skew,skew_rollout,19817364,mr,8,8,light,on,1651447,1654734,1447928,1.0035,1.2201,64.177,0.162,5.879,7.041,5.551,82.811,1082557218533833038,3,"/home/michael_pappas/anaconda3/bin/mpirun -np 8 ./traffic_mr --in data/skew_rollout.csv --partition light --print-hours 0 --verify --csv"
skew,skew_rollout,19817364,mr,16,16,light,on,1651447,1660518,1557123,1.0038,1.1423,58.866,0.871,6.767,4.131,14.444,85.079,1082557218533833038,1,"/home/michael_pappas/anaconda3/bin/mpirun -np 16 ./traffic_mr --in data/skew_rollout.csv --partition light --print-hours 0 --verify --csv"
skew,skew_rollout,19817364,mr,16,16,light,on,1651447,1660518,1557123,1.0038,1.1399,63.268,0.533,6.946,4.125,16.032,90.904,1082557218533833038,2,"/home/michael_pappas/anaconda3/bin/mpirun -np 16 ./traffic_mr --in data/skew_rollout.csv --partition light --print-hours 0 --verify --csv"
skew,skew_rollout,19817364,mr,16,16,light,on,1651447,1660518,1557123,1.0038,1.2104,61.738,0.391,6.833,4.188,12.940,86.090,1082557218533833038,3,"/home/michael_pappas/anaconda3/bin/mpirun -np 16 ./traffic_mr --in data/skew_rollout.csv --partition light --print-hours 0 --verify --csv"
skew,skew_rollout,19817364,mr,1,1,hybrid,on,1651447,1651447,0,1.0000,1.0000,341.184,2.763,21.570,33.027,0.336,398.880,1082557218533833038,1,"/home/michael_pappas/anaconda3/bin/mpirun -np 1 ./traffic_mr --in data/skew_rollout.csv --partition hybrid --print-hours 0 --verify --csv"
skew,skew_rollout,19817364,mr,1,1,hybrid,on,1651447,1651447,0,1.0000,1.0000,332.143,2.613,20.370,32.009,0.284,387.419,1082557218533833038,2,"/home/michael_pappas/anaconda3/bin/mpirun -np 1 ./traffic_mr --in data/skew_rollout.csv --partition hybrid --print-hours 0 --verify --csv"
skew,skew_rollout,19817364,mr,1,1,hybrid,on,1651447,1651447,0,1.0000,1.0000,334.067,2.770,22.383,33.421,0.310,392.951,1082557218533833038,3,"/home/michael_pappas/anaconda3/bin/mpirun -np 1 ./traffic_mr --in data/skew_rollout.csv --partition hybrid --print-hours 0 --verify --csv"
skew,skew_rollout,19817364,mr,2,2,hybrid,on,1651447,1651809,362,1.0003,1.0167,201.815,1.509,9.037,16.893,0.330,229.584,1082557218533833038,1,"/home/michael_pappas/anaconda3/bin/mpirun -np 2 ./traffic_mr --in data/skew_rollout.csv --partition hybrid --print-hours 0 --verify --csv"
skew,skew_rollout,19817364,mr,2,2,hybrid,on,1651447,1651809,362,1.0003,1.0084,201.296,1.632,9.792,16.135,0.341,229.195,1082557218533833038,2,"/home/michael_pappas/anaconda3/bin/mpirun -np 2 ./traffic_mr --in data/skew_rollout.csv --partition hybrid --print-hours 0 --verify --csv"
skew,skew_rollout,19817364,mr,2,2,hybrid,on,1651447,1651809,362,1.0003,1.0074,198.299,1.493,9.241,17.582,0.340,226.956,1082557218533833038,3,"/home/michael_pappas/anaconda3/bin/mpirun -np 2 ./traffic_mr --in data/skew_rollout.csv --partition hybrid --print-hours 0 --verify --csv"
skew,skew_rollout,19817364,mr,4,4,hybrid,on,1651447,1652347,900,1.0010,1.0453,111.155,1.332,7.181,8.741,0.349,128.758,1082557218533833038,1,"/home/michael_pappas/anaconda3/bin/mpirun -np 4 ./traffic_mr --in data/skew_rollout.csv --partition hybrid --print-hours 0 --verify --csv"
skew,skew_rollout,19817364,mr,4,4,hybrid,on,1651447,1652347,900,1.0010,1.0116,110.232,1.217,6.789,8.206,0.399,126.843,1082557218533833038,2,"/home/michael_pappas/anaconda3/bin/mpirun -np 4 ./traffic_mr --in data/skew_rollout.csv --partition hybrid --print-hours 0 --verify --csv"
skew,skew_rollout,19817364,mr,4,4,hybrid,on,1651447,1652347,900,1.0010,1.0233,108.205,1.230,6.109,8.746,0.336,124.626,1082557218533833038,3,"/home/michael_pappas/anaconda3/bin/mpirun -np 4 ./traffic_mr --in data/skew_rollout.csv --partition hybrid --print-hours 0 --verify --csv"
skew,skew_rollout,19817364,mr,8,8,hybrid,on,1651447,1654734,4199,1.0017,1.1277,63.908,0.805,4.655,5.033,0.356,74.757,1082557218533833038,1,"/home/michael_pappas/anaconda3/bin/mpirun -np 8 ./traffic_mr --in data/skew_rollout.csv --partition hybrid --print-hours 0 --verify --csv"
skew,skew_rollout,19817364,mr,8,8,hybrid,on,1651447,1654734,4199,1.0017,1.1708,64.209,0.857,4.048,5.178,0.433,74.726,1082557218533833038,2,"/home/michael_pappas/anaconda3/bin/mpirun -np 8 ./traffic_mr --in data/skew_rollout.csv --partition hybrid --print-hours 0 --verify --csv"
skew,skew_rollout,19817364,mr,8,8,hybrid,on,1651447,1654734,4199,1.0017,1.2226,66.363,1.104,4.882,5.460,0.326,78.135,1082557218533833038,3,"/home/michael_pappas/anaconda3/bin/mpirun -np 8 ./traffic_mr --in data/skew_rollout.csv --partition hybrid --print-hours 0 --verify --csv"
skew,skew_rollout,19817364,mr,16,16,hybrid,on,1651447,1660518,11413,1.0102,1.2083,58.010,1.278,4.172,3.314,0.480,67.253,1082557218533833038,1,"/home/michael_pappas/anaconda3/bin/mpirun -np 16 ./traffic_mr --in data/skew_rollout.csv --partition hybrid --print-hours 0 --verify --csv"
skew,skew_rollout,19817364,mr,16,16,hybrid,on,1651447,1660518,11413,1.0102,1.1931,56.120,1.441,4.967,3.281,0.503,66.312,1082557218533833038,2,"/home/michael_pappas/anaconda3/bin/mpirun -np 16 ./traffic_mr --in data/skew_rollout.csv --partition hybrid --print-hours 0 --verify --csv"
skew,skew_rollout,19817364,mr,16,16,hybrid,on,1651447,1660518,11413,1.0102,1.1626,63.168,1.285,4.725,3.204,0.476,72.859,1082557218533833038,3,"/home/michael_pappas/anaconda3/bin/mpirun -np 16 ./traffic_mr --in data/skew_rollout.csv --partition hybrid --print-hours 0 --verify --csv"
skew,skew_incident,26419188,mr,1,1,block,on,2201599,2201599,0,1.0000,1.0000,460.142,0.037,27.833,43.416,0.324,531.751,9405471571446406469,1,"/home/michael_pappas/anaconda3/bin/mpirun -np 1 ./traffic_mr --in data/skew_incident.csv --partition block --print-hours 0 --verify --csv"
skew,skew_incident,26419188,mr,1,1,block,on,2201599,2201599,0,1.0000,1.0000,466.253,0.037,25.551,42.101,0.298,534.240,9405471571446406469,2,"/home/michael_pappas/anaconda3/bin/mpirun -np 1 ./traffic_mr --in data/skew_incident.csv --partition block --print-hours 0 --verify --csv"
skew,skew_incident,26419188,mr,1,1,block,on,2201599,2201599,0,1.0000,1.0000,477.541,0.053,33.319,47.391,0.354,558.658,9405471571446406469,3,"/home/michael_pappas/anaconda3/bin/mpirun -np 1 ./traffic_mr --in data/skew_incident.csv --partition block --print-hours 0 --verify --csv"
skew,skew_incident,26419188,mr,2,2,block,on,2201599,2201944,598145,1.5567,1.5835,261.839,0.109,18.989,37.067,0.345,318.350,9405471571446406469,1,"/home/michael_pappas/anaconda3/bin/mpirun -np 2 ./traffic_mr --in data/skew_incident.csv --partition block --print-hours 0 --verify --csv"
skew,skew_incident,26419188,mr,2,2,block,on,2201599,2201944,598145,1.5567,1.5802,255.159,0.109,18.279,36.775,0.344,310.665,9405471571446406469,2,"/home/michael_pappas/anaconda3/bin/mpirun -np 2 ./traffic_mr --in data/skew_incident.csv --partition block --print-hours 0 --verify --csv"
skew,skew_incident,26419188,mr,2,2,block,on,2201599,2201944,598145,1.5567,1.5660,255.098,0.113,18.480,36.561,0.343,310.594,9405471571446406469,3,"/home/michael_pappas/anaconda3/bin/mpirun -np 2 ./traffic_mr --in data/skew_incident.csv --partition block --print-hours 0 --verify --csv"
skew,skew_incident,26419188,mr,4,4,block,on,2201599,2749054,1581718,2.3194,2.0262,154.127,0.136,18.657,23.142,0.316,196.378,9405471571446406469,1,"/home/michael_pappas/anaconda3/bin/mpirun -np 4 ./traffic_mr --in data/skew_incident.csv --partition block --print-hours 0 --verify --csv"
skew,skew_incident,26419188,mr,4,4,block,on,2201599,2749054,1581718,2.3194,2.0245,144.306,0.172,19.490,23.488,0.319,187.776,9405471571446406469,2,"/home/michael_pappas/anaconda3/bin/mpirun -np 4 ./traffic_mr --in data/skew_incident.csv --partition block --print-hours 0 --verify --csv"
skew,skew_incident,26419188,mr,4,4,block,on,2201599,2749054,1581718,2.3194,1.9932,140.590,0.161,22.771,23.072,0.338,186.933,9405471571446406469,3,"/home/michael_pappas/anaconda3/bin/mpirun -np 4 ./traffic_mr --in data/skew_incident.csv --partition block --print-hours 0 --verify --csv"
skew,skew_incident,26419188,mr,8,8,block,on,2201599,3301646,2411135,4.5400,3.4788,107.747,0.315,18.808,26.530,0.493,153.894,9405471571446406469,1,"/home/michael_pappas/anaconda3/bin/mpirun -np 8 ./traffic_mr --in data/skew_incident.csv --partition block --print-hours 0 --verify --csv"
skew,skew_incident,26419188,mr,8,8,block,on,2201599,3301646,2411135,4.5400,3.3816,111.394,0.245,15.726,24.844,0.362,152.570,9405471571446406469,2,"/home/michael_pappas/anaconda3/bin/mpirun -np 8 ./traffic_mr --in data/skew_incident.csv --partition block --print-hours 0 --verify --csv"
skew,skew_incident,26419188,mr,8,8,block,on,2201599,3301646,2411135,4.5400,3.5263,99.211,0.247,18.394,25.684,0.368,143.905,9405471571446406469,3,"/home/michael_pappas/anaconda3/bin/mpirun -np 8 ./traffic_mr --in data/skew_incident.csv --partition block --print-hours 0 --verify --csv"
skew,skew_incident,26419188,mr,16,16,block,on,2201599,4404067,3879008,10.3720,8.6751,86.011,0.728,28.780,47.208,0.478,163.205,9405471571446406469,1,"/home/michael_pappas/anaconda3/bin/mpirun -np 16 ./traffic_mr --in data/skew_incident.csv --partition block --print-hours 0 --verify --csv"
skew,skew_incident,26419188,mr,16,16,block,on,2201599,4404067,3879008,10.3720,8.0632,87.705,0.607,28.656,41.770,0.528,159.266,9405471571446406469,2,"/home/michael_pappas/anaconda3/bin/mpirun -np 16 ./traffic_mr --in data/skew_incident.csv --partition block --print-hours 0 --verify --csv"
skew,skew_incident,26419188,mr,16,16,block,on,2201599,4404067,3879008,10.3720,7.1764,86.236,0.474,27.892,34.102,0.476,149.179,9405471571446406469,3,"/home/michael_pappas/anaconda3/bin/mpirun -np 16 ./traffic_mr --in data/skew_incident.csv --partition block --print-hours 0 --verify --csv"
skew,skew_incident,26419188,mr,1,1,hash,on,2201599,2201599,0,1.0000,1.0000,465.990,0.031,26.830,42.424,0.285,535.560,9405471571446406469,1,"/home/michael_pappas/anaconda3/bin/mpirun -np 1 ./traffic_mr --in data/skew_incident.csv --partition hash --print-hours 0 --verify --csv"
skew,skew_incident,26419188,mr,1,1,hash,on,2201599,2201599,0,1.0000,1.0000,466.655,0.027,27.582,46.320,0.294,540.877,9405471571446406469,2,"/home/michael_pappas/anaconda3/bin/mpirun -np 1 ./traffic_mr --in data/skew_incident.csv --partition hash --print-hours 0 --verify --csv"
skew,skew_incident,26419188,mr,1,1,hash,on,2201599,2201599,0,1.0000,1.0000,478.422,0.027,25.957,43.102,0.309,547.817,9405471571446406469,3,"/home/michael_pappas/anaconda3/bin/mpirun -np 1 ./traffic_mr --in data/skew_incident.csv --partition hash --print-hours 0 --verify --csv"
skew,skew_incident,26419188,mr,2,2,hash,on,2201599,2201944,829145,1.2538,1.2777,259.018,0.176,18.074,29.042,0.582,306.893,9405471571446406469,1,"/home/michael_pappas/anaconda3/bin/mpirun -np 2 ./traffic_mr --in data/skew_incident.csv --partition hash --print-hours 0 --verify --csv"
skew,skew_incident,26419188,mr,2,2,hash,on,2201599,2201944,829145,1.2538,1.2722,248.609,0.180,17.952,29.625,0.556,296.922,9405471571446406469,2,"/home/michael_pappas/anaconda3/bin/mpirun -np 2 ./traffic_mr --in data/skew_incident.csv --partition hash --print-hours 0 --verify --csv"
skew,skew_incident,26419188,mr,2,2,hash,on,2201599,2201944,829145,1.2538,1.2507,247.937,0.109,17.961,28.955,0.533,295.495,9405471571446406469,3,"/home/michael_pappas/anaconda3/bin/mpirun -np 2 ./traffic_mr --in data/skew_incident.csv --partition hash --print-hours 0 --verify --csv"
skew,skew_incident,26419188,mr,4,4,hash,on,2201599,2749054,1781377,2.1988,1.8084,142.403,0.120,16.986,22.987,0.536,183.032,9405471571446406469,1,"/home/michael_pappas/anaconda3/bin/mpirun -np 4 ./traffic_mr --in data/skew_incident.csv --partition hash --print-hours 0 --verify --csv"
skew,skew_incident,26419188,mr,4,4,hash,on,2201599,2749054,1781377,2.1988,1.8145,152.773,0.134,18.284,26.494,0.532,198.216,9405471571446406469,2,"/home/michael_pappas/anaconda3/bin/mpirun -np 4 ./traffic_mr --in data/skew_incident.csv --partition hash --print-hours 0 --verify --csv"
skew,skew_incident,26419188,mr,4,4,hash,on,2201599,2749054,1781377,2.1988,2.2645,158.464,0.227,17.483,37.481,0.522,214.177,9405471571446406469,3,"/home/michael_pappas/anaconda3/bin/mpirun -np 4 ./traffic_mr --in data/skew_incident.csv --partition hash --print-hours 0 --verify --csv"
skew,skew_incident,26419188,mr,8,8,hash,on,2201599,3301646,3119493,4.4911,3.1084,103.607,0.211,18.940,23.112,0.571,146.441,9405471571446406469,1,"/home/michael_pappas/anaconda3/bin/mpirun -np 8 ./traffic_mr --in data/skew_incident.csv --partition hash --print-hours 0 --verify --csv"
skew,skew_incident,26419188,mr,8,8,hash,on,2201599,3301646,3119493,4.4911,3.0246,99.240,0.217,17.605,22.926,0.553,140.541,9405471571446406469,2,"/home/michael_pappas/anaconda3/bin/mpirun -np 8 ./traffic_mr --in data/skew_incident.csv --partition hash --print-hours 0 --verify --csv"
skew,skew_incident,26419188,mr,8,8,hash,on,2201599,3301646,3119493,4.4911,3.1697,105.613,0.209,16.943,22.696,0.559,146.021,9405471571446406469,3,"/home/michael_pappas/anaconda3/bin/mpirun -np 8 ./traffic_mr --in data/skew_incident.csv --partition hash --print-hours 0 --verify --csv"
skew,skew_incident,26419188,mr,16,16,hash,on,2201599,4404067,4295025,10.3794,7.4326,94.041,0.749,28.075,38.835,0.622,162.322,9405471571446406469,1,"/home/michael_pappas/anaconda3/bin/mpirun -np 16 ./traffic_mr --in data/skew_incident.csv --partition hash --print-hours 0 --verify --csv"
skew,skew_incident,26419188,mr,16,16,hash,on,2201599,4404067,4295025,10.3794,6.9405,84.931,0.478,28.495,36.356,0.865,151.125,9405471571446406469,2,"/home/michael_pappas/anaconda3/bin/mpirun -np 16 ./traffic_mr --in data/skew_incident.csv --partition hash --print-hours 0 --verify --csv"
skew,skew_incident,26419188,mr,16,16,hash,on,2201599,4404067,4295025,10.3794,6.6752,87.732,0.641,34.731,34.393,0.846,158.342,9405471571446406469,3,"/home/michael_pappas/anaconda3/bin/mpirun -np 16 ./traffic_mr --in data/skew_incident.csv --partition hash --print-hours 0 --verify --csv"
skew,skew_incident,26419188,mr,1,1,weighted,on,2201599,2201599,0,1.0000,1.0000,450.196,3.167,24.883,42.804,0.286,521.336,9405471571446406469,1,"/home/michael_pappas/anaconda3/bin/mpirun -np 1 ./traffic_mr --in data/skew_incident.csv --partition weighted --print-hours 0 --verify --csv"
skew,skew_incident,26419188,mr,1,1,weighted,on,2201599,2201599,0,1.0000,1.0000,455.723,3.170,25.039,42.562,0.306,526.800,9405471571446406469,2,"/home/michael_pappas/anaconda3/bin/mpirun -np 1 ./traffic_mr --in data/skew_incident.csv --partition weighted --print-hours 0 --verify --csv"
skew,skew_incident,26419188,mr,1,1,weighted,on,2201599,2201599,0,1.0000,1.0000,457.775,3.182,24.878,43.504,0.294,529.633,9405471571446406469,3,"/home/michael_pappas/anaconda3/bin/mpirun -np 1 ./traffic_mr --in data/skew_incident.csv --partition weighted --print-hours 0 --verify --csv"
skew,skew_incident,26419188,mr,2,2,weighted,on,2201599,2201944,14812,1.0000,1.0161,252.323,1.955,16.384,22.069,0.329,293.060,9405471571446406469,1,"/home/michael_pappas/anaconda3/bin/mpirun -np 2 ./traffic_mr --in data/skew_incident.csv --partition weighted --print-hours 0 --verify --csv"
skew,skew_incident,26419188,mr,2,2,weighted,on,2201599,2201944,14812,1.0000,1.0189,252.312,2.009,16.468,22.080,0.359,293.228,9405471571446406469,2,"/home/michael_pappas/anaconda3/bin/mpirun -np 2 ./traffic_mr --in data/skew_incident.csv --partition weighted --print-hours 0 --verify --csv"
skew,skew_incident,26419188,mr,2,2,weighted,on,2201599,2201944,14812,1.0000,1.0070,254.221,1.841,15.176,21.513,0.326,293.077,9405471571446406469,3,"/home/michael_pappas/anaconda3/bin/mpirun -np 2 ./traffic_mr --in data/skew_incident.csv --partition weighted --print-hours 0 --verify --csv"
skew,skew_incident,26419188,mr,4,4,weighted,on,2201599,2749054,723328,1.5957,1.2271,138.866,1.854,14.121,14.299,0.391,169.531,9405471571446406469,1,"/home/michael_pappas/anaconda3/bin/mpirun -np 4 ./traffic_mr --in data/skew_incident.csv --partition weighted --print-hours 0 --verify --csv"
skew,skew_incident,26419188,mr,4,4,weighted,on,2201599,2749054,723328,1.5957,1.2217,149.903,1.899,15.314,15.205,0.328,182.649,9405471571446406469,2,"/home/michael_pappas/anaconda3/bin/mpirun -np 4 ./traffic_mr --in data/skew_incident.csv --partition weighted --print-hours 0 --verify --csv"
skew,skew_incident,26419188,mr,4,4,weighted,on,2201599,2749054,723328,1.5957,1.1910,146.586,1.911,15.888,13.878,0.317,178.580,9405471571446406469,3,"/home/michael_pappas/anaconda3/bin/mpirun -np 4 ./traffic_mr --in data/skew_incident.csv --partition weighted --print-hours 0 --verify --csv"
skew,skew_incident,26419188,mr,8,8,weighted,on,2201599,3301646,1956931,3.9909,2.4155,105.570,1.694,16.008,16.809,0.466,140.546,9405471571446406469,1,"/home/michael_pappas/anaconda3/bin/mpirun -np 8 ./traffic_mr --in data/skew_incident.csv --partition weighted --print-hours 0 --verify --csv"
skew,skew_incident,26419188,mr,8,8,weighted,on,2201599,3301646,1956931,3.9909,2.8049,112.889,1.937,19.698,20.784,0.357,155.664,9405471571446406469,2,"/home/michael_pappas/anaconda3/bin/mpirun -np 8 ./traffic_mr --in data/skew_incident.csv --partition weighted --print-hours 0 --verify --csv"
skew,skew_incident,26419188,mr,8,8,weighted,on,2201599,3301646,1956931,3.9909,2.6315,94.500,1.538,16.298,17.315,0.449,130.098,9405471571446406469,3,"/home/michael_pappas/anaconda3/bin/mpirun -np 8 ./traffic_mr --in data/skew_incident.csv --partition weighted --print-hours 0 --verify --csv"
skew,skew_incident,26419188,mr,16,16,weighted,on,2201599,4404067,3565394,9.9769,7.4565,91.840,2.449,27.515,39.483,0.364,161.651,9405471571446406469,1,"/home/michael_pappas/anaconda3/bin/mpirun -np 16 ./traffic_mr --in data/skew_incident.csv --partition weighted --print-hours 0 --verify --csv"
skew,skew_incident,26419188,mr,16,16,weighted,on,2201599,4404067,3565394,9.9769,6.2579,85.926,2.173,24.771,28.870,0.493,142.233,9405471571446406469,2,"/home/michael_pappas/anaconda3/bin/mpirun -np 16 ./traffic_mr --in data/skew_incident.csv --partition weighted --print-hours 0 --verify --csv"
skew,skew_incident,26419188,mr,16,16,weighted,on,2201599,4404067,3565394,9.9769,7.2878,90.919,2.529,26.351,36.274,0.360,156.432,9405471571446406469,3,"/home/michael_pappas/anaconda3/bin/mpirun -np 16 ./traffic_mr --in data/skew_incident.csv --partition weighted --print-hours 0 --verify --csv"
skew,skew_incident,26419188,mr,1,1,light,on,2201599,2201599,0,1.0000,1.0000,464.899,0.028,25.743,42.024,0.327,533.021,9405471571446406469,1,"/home/michael_pappas/anaconda3/bin/mpirun -np 1 ./traffic_mr --in data/skew_incident.csv --partition light --print-hours 0 --verify --csv"
skew,skew_incident,26419188,mr,1,1,light,on,2201599,2201599,0,1.0000,1.0000,455.149,0.029,28.248,44.490,0.287,528.203,9405471571446406469,2,"/home/michael_pappas/anaconda3/bin/mpirun -np 1 ./traffic_mr --in data/skew_incident.csv --partition light --print-hours 0 --verify --csv"
skew,skew_incident,26419188,mr,1,1,light,on,2201599,2201599,0,1.0000,1.0000,456.069,0.030,26.528,42.732,0.279,525.638,9405471571446406469,3,"/home/michael_pappas/anaconda3/bin/mpirun -np 1 ./traffic_mr --in data/skew_incident.csv --partition light --print-hours 0 --verify --csv"
skew,skew_incident,26419188,mr,2,2,light,on,2201599,2201944,1100398,1.0001,1.0311,259.541,0.110,15.072,24.770,1.667,301.161,9405471571446406469,1,"/home/michael_pappas/anaconda3/bin/mpirun -np 2 ./traffic_mr --in data/skew_incident.csv --partition light --print-hours 0 --verify --csv"
skew,skew_incident,26419188,mr,2,2,light,on,2201599,2201944,1100398,1.0001,1.0128,254.881,0.098,17.519,25.715,1.747,299.960,9405471571446406469,2,"/home/michael_pappas/anaconda3/bin/mpirun -np 2 ./traffic_mr --in data/skew_incident.csv --partition light --print-hours 0 --verify --csv"
skew,skew_incident,26419188,mr,2,2,light,on,2201599,2201944,1100398,1.0001,1.0409,257.638,0.161,16.529,25.803,1.834,301.964,9405471571446406469,3,"/home/michael_pappas/anaconda3/bin/mpirun -np 2 ./traffic_mr --in data/skew_incident.csv --partition light --print-hours 0 --verify --csv"
skew,skew_incident,26419188,mr,4,4,light,on,2201599,2749054,2060662,1.0018,1.0703,164.764,0.140,13.330,15.790,3.531,197.554,9405471571446406469,1,"/home/michael_pappas/anaconda3/bin/mpirun -np 4 ./traffic_mr --in data/skew_incident.csv --partition light --print-hours 0 --verify --csv"
skew,skew_incident,26419188,mr,4,4,light,on,2201599,2749054,2060662,1.0018,1.0506,143.212,0.146,13.606,14.618,2.526,174.108,9405471571446406469,2,"/home/michael_pappas/anaconda3/bin/mpirun -np 4 ./traffic_mr --in data/skew_incident.csv --partition light --print-hours 0 --verify --csv"
skew,skew_incident,26419188,mr,4,4,light,on,2201599,2749054,2060662,1.0018,1.0676,149.515,0.158,11.910,14.643,2.440,178.666,9405471571446406469,3,"/home/michael_pappas/anaconda3/bin/mpirun -np 4 ./traffic_mr --in data/skew_incident.csv --partition light --print-hours 0 --verify --csv"
skew,skew_incident,26419188,mr,8,8,light,on,2201599,3301646,2889997,1.0034,1.1427,98.564,0.278,14.936,10.505,5.162,129.446,9405471571446406469,1,"/home/michael_pappas/anaconda3/bin/mpirun -np 8 ./traffic_mr --in data/skew_incident.csv --partition light --print-hours 0 --verify --csv"
skew,skew_incident,26419188,mr,8,8,light,on,2201599,3301646,2889997,1.0034,1.1953,103.070,0.393,12.859,11.204,5.040,132.566,9405471571446406469,2,"/home/michael_pappas/anaconda3/bin/mpirun -np 8 ./traffic_mr --in data/skew_incident.csv --partition light --print-hours 0 --verify --csv"
skew,skew_incident,26419188,mr,8,8,light,on,2201599,3301646,2889997,1.0034,1.1018,93.701,0.336,12.597,10.295,5.197,122.126,9405471571446406469,3,"/home/michael_pappas/anaconda3/bin/mpirun -np 8 ./traffic_mr --in data/skew_incident.csv --partition light --print-hours 0 --verify --csv"
skew,skew_incident,26419188,mr,16,16,light,on,2201599,4404067,4128967,1.0051,1.2378,91.331,0.574,16.390,9.482,16.007,133.784,9405471571446406469,1,"/home/michael_pappas/anaconda3/bin/mpirun -np 16 ./traffic_mr --in data/skew_incident.csv --partition light --print-hours 0 --verify --csv"
skew,skew_incident,26419188,mr,16,16,light,on,2201599,4404067,4128967,1.0051,1.2449,95.812,0.407,18.952,11.254,12.867,139.292,9405471571446406469,2,"/home/michael_pappas/anaconda3/bin/mpirun -np 16 ./traffic_mr --in data/skew_incident.csv --partition light --print-hours 0 --verify --csv"
skew,skew_incident,26419188,mr,16,16,light,on,2201599,4404067,4128967,1.0051,1.2642,95.330,0.617,17.857,10.465,16.646,140.916,9405471571446406469,3,"/home/michael_pappas/anaconda3/bin/mpirun -np 16 ./traffic_mr --in data/skew_incident.csv --partition light --print-hours 0 --verify --csv"
skew,skew_incident,26419188,mr,1,1,hybrid,on,2201599,2201599,0,1.0000,1.0000,448.628,3.210,25.243,43.492,0.461,521.035,9405471571446406469,1,"/home/michael_pappas/anaconda3/bin/mpirun -np 1 ./traffic_mr --in data/skew_incident.csv --partition hybrid --print-hours 0 --verify --csv"
skew,skew_incident,26419188,mr,1,1,hybrid,on,2201599,2201599,0,1.0000,1.0000,466.838,3.216,29.951,43.100,0.290,543.394,9405471571446406469,2,"/home/michael_pappas/anaconda3/bin/mpirun -np 1 ./traffic_mr --in data/skew_incident.csv --partition hybrid --print-hours 0 --verify --csv"
skew,skew_incident,26419188,mr,1,1,hybrid,on,2201599,2201599,0,1.0000,1.0000,465.233,3.404,27.539,42.450,0.294,538.920,9405471571446406469,3,"/home/michael_pappas/anaconda3/bin/mpirun -np 1 ./traffic_mr --in data/skew_incident.csv --partition hybrid --print-hours 0 --verify --csv"
skew,skew_incident,26419188,mr,2,2,hybrid,on,2201599,2201944,14812,1.0000,1.0031,249.936,2.068,16.274,21.575,0.321,290.173,9405471571446406469,1,"/home/michael_pappas/anaconda3/bin/mpirun -np 2 ./traffic_mr --in data/skew_incident.csv --partition hybrid --print-hours 0 --verify --csv"
skew,skew_incident,26419188,mr,2,2,hybrid,on,2201599,2201944,14812,1.0000,1.0034,250.524,2.049,15.876,21.596,0.319,290.364,9405471571446406469,2,"/home/michael_pappas/anaconda3/bin/mpirun -np 2 ./traffic_mr --in data/skew_incident.csv --partition hybrid --print-hours 0 --verify --csv"
skew,skew_incident,26419188,mr,2,2,hybrid,on,2201599,2201944,14812,1.0000,1.0008,248.906,1.987,15.637,21.555,0.324,288.410,9405471571446406469,3,"/home/michael_pappas/anaconda3/bin/mpirun -np 2 ./traffic_mr --in data/skew_incident.csv --partition hybrid --print-hours 0 --verify --csv"
skew,skew_incident,26419188,mr,4,4,hybrid,on,2201599,2749054,1332631,1.0008,1.0514,145.706,1.834,13.451,13.330,0.413,174.734,9405471571446406469,1,"/home/michael_pappas/anaconda3/bin/mpirun -np 4 ./traffic_mr --in data/skew_incident.csv --partition hybrid --print-hours 0 --verify --csv"
skew,skew_incident,26419188,mr,4,4,hybrid,on,2201599,2749054,1332631,1.0008,1.0120,149.779,1.932,17.513,12.482,0.411,182.117,9405471571446406469,2,"/home/michael_pappas/anaconda3/bin/mpirun -np 4 ./traffic_mr --in data/skew_incident.csv --partition hybrid --print-hours 0 --verify --csv"
skew,skew_incident,26419188,mr,4,4,hybrid,on,2201599,2749054,1332631,1.0008,1.0372,146.146,2.256,12.171,13.442,0.388,174.403,9405471571446406469,3,"/home/michael_pappas/anaconda3/bin/mpirun -np 4 ./traffic_mr --in data/skew_incident.csv --partition hybrid --print-hours 0 --verify --csv"
skew,skew_incident,26419188,mr,8,8,hybrid,on,2201599,3301646,2352342,1.0035,1.3131,106.249,2.306,16.567,11.007,0.729,136.859,9405471571446406469,1,"/home/michael_pappas/anaconda3/bin/mpirun -np 8 ./traffic_mr --in data/skew_incident.csv --partition hybrid --print-hours 0 --verify --csv"
skew,skew_incident,26419188,mr,8,8,hybrid,on,2201599,3301646,2352342,1.0035,1.1629,96.108,1.794,11.982,8.826,0.675,119.385,9405471571446406469,2,"/home/michael_pappas/anaconda3/bin/mpirun -np 8 ./traffic_mr --in data/skew_incident.csv --partition hybrid --print-hours 0 --verify --csv"
skew,skew_incident,26419188,mr,8,8,hybrid,on,2201599,3301646,2352342,1.0035,1.1144,102.378,2.424,11.868,9.405,0.649,126.724,9405471571446406469,3,"/home/michael_pappas/anaconda3/bin/mpirun -np 8 ./traffic_mr --in data/skew_incident.csv --partition hybrid --print-hours 0 --verify --csv"
skew,skew_incident,26419188,mr,16,16,hybrid,on,2201599,4404067,3828009,1.0074,1.3023,93.460,2.925,16.862,8.161,0.818,122.226,9405471571446406469,1,"/home/michael_pappas/anaconda3/bin/mpirun -np 16 ./traffic_mr --in data/skew_incident.csv --partition hybrid --print-hours 0 --verify --csv"
skew,skew_incident,26419188,mr,16,16,hybrid,on,2201599,4404067,3828009,1.0074,1.2926,86.996,2.797,15.807,8.437,0.771,114.808,9405471571446406469,2,"/home/michael_pappas/anaconda3/bin/mpirun -np 16 ./traffic_mr --in data/skew_incident.csv --partition hybrid --print-hours 0 --verify --csv"
skew,skew_incident,26419188,mr,16,16,hybrid,on,2201599,4404067,3828009,1.0074,1.3334,87.630,2.499,20.160,8.652,0.619,119.559,9405471571446406469,3,"/home/michael_pappas/anaconda3/bin/mpirun -np 16 ./traffic_mr --in data/skew_incident.csv --partition hybrid --print-hours 0 --verify --csv"
combiner,medium,20160000,mr,1,1,weighted,on,1680000,1680000,0,1.0000,1.0000,332.222,2.488,15.835,32.773,0.174,383.490,4461579235480396692,1,"/home/michael_pappas/anaconda3/bin/mpirun -np 1 ./traffic_mr --in ../m2t3d/data/traffic_medium.csv --partition weighted  --print-hours 0 --verify --csv"
combiner,medium,20160000,mr,1,1,weighted,on,1680000,1680000,0,1.0000,1.0000,370.517,2.608,17.427,34.453,0.197,425.203,4461579235480396692,2,"/home/michael_pappas/anaconda3/bin/mpirun -np 1 ./traffic_mr --in ../m2t3d/data/traffic_medium.csv --partition weighted  --print-hours 0 --verify --csv"
combiner,medium,20160000,mr,1,1,weighted,on,1680000,1680000,0,1.0000,1.0000,341.099,2.443,15.216,32.439,0.173,391.370,4461579235480396692,3,"/home/michael_pappas/anaconda3/bin/mpirun -np 1 ./traffic_mr --in ../m2t3d/data/traffic_medium.csv --partition weighted  --print-hours 0 --verify --csv"
combiner,medium,20160000,mr,1,1,weighted,off,1680000,20160000,0,1.0000,1.0000,622.971,28.934,296.494,589.597,0.249,1538.246,4461579235480396692,1,"/home/michael_pappas/anaconda3/bin/mpirun -np 1 ./traffic_mr --in ../m2t3d/data/traffic_medium.csv --partition weighted --no-combine --print-hours 0 --verify --csv"
combiner,medium,20160000,mr,1,1,weighted,off,1680000,20160000,0,1.0000,1.0000,570.457,30.991,272.032,549.258,0.282,1423.020,4461579235480396692,2,"/home/michael_pappas/anaconda3/bin/mpirun -np 1 ./traffic_mr --in ../m2t3d/data/traffic_medium.csv --partition weighted --no-combine --print-hours 0 --verify --csv"
combiner,medium,20160000,mr,1,1,weighted,off,1680000,20160000,0,1.0000,1.0000,567.927,29.044,274.664,563.873,0.282,1435.788,4461579235480396692,3,"/home/michael_pappas/anaconda3/bin/mpirun -np 1 ./traffic_mr --in ../m2t3d/data/traffic_medium.csv --partition weighted --no-combine --print-hours 0 --verify --csv"
combiner,medium,20160000,mr,4,4,weighted,on,1680000,1681244,1244,1.0008,1.0482,120.013,0.926,5.043,8.871,0.180,135.032,4461579235480396692,1,"/home/michael_pappas/anaconda3/bin/mpirun -np 4 ./traffic_mr --in ../m2t3d/data/traffic_medium.csv --partition weighted  --print-hours 0 --verify --csv"
combiner,medium,20160000,mr,4,4,weighted,on,1680000,1681244,1244,1.0008,1.1258,116.788,1.327,5.271,9.677,0.282,133.345,4461579235480396692,2,"/home/michael_pappas/anaconda3/bin/mpirun -np 4 ./traffic_mr --in ../m2t3d/data/traffic_medium.csv --partition weighted  --print-hours 0 --verify --csv"
combiner,medium,20160000,mr,4,4,weighted,on,1680000,1681244,1244,1.0008,1.0660,109.809,0.865,6.241,9.459,0.206,126.580,4461579235480396692,3,"/home/michael_pappas/anaconda3/bin/mpirun -np 4 ./traffic_mr --in ../m2t3d/data/traffic_medium.csv --partition weighted  --print-hours 0 --verify --csv"
combiner,medium,20160000,mr,4,4,weighted,off,1680000,20160000,1244,1.0000,1.0367,170.982,9.022,96.753,152.863,0.205,429.825,4461579235480396692,1,"/home/michael_pappas/anaconda3/bin/mpirun -np 4 ./traffic_mr --in ../m2t3d/data/traffic_medium.csv --partition weighted --no-combine --print-hours 0 --verify --csv"
combiner,medium,20160000,mr,4,4,weighted,off,1680000,20160000,1244,1.0000,1.0091,168.044,8.758,86.703,138.090,0.185,401.780,4461579235480396692,2,"/home/michael_pappas/anaconda3/bin/mpirun -np 4 ./traffic_mr --in ../m2t3d/data/traffic_medium.csv --partition weighted --no-combine --print-hours 0 --verify --csv"
combiner,medium,20160000,mr,4,4,weighted,off,1680000,20160000,1244,1.0000,1.0150,171.890,7.894,91.909,138.351,0.185,410.228,4461579235480396692,3,"/home/michael_pappas/anaconda3/bin/mpirun -np 4 ./traffic_mr --in ../m2t3d/data/traffic_medium.csv --partition weighted --no-combine --print-hours 0 --verify --csv"
combiner,medium,20160000,mr,16,16,weighted,on,1680000,1687131,7131,1.0053,1.1820,65.039,0.872,4.246,3.334,0.236,73.727,4461579235480396692,1,"/home/michael_pappas/anaconda3/bin/mpirun -np 16 ./traffic_mr --in ../m2t3d/data/traffic_medium.csv --partition weighted  --print-hours 0 --verify --csv"
combiner,medium,20160000,mr,16,16,weighted,on,1680000,1687131,7131,1.0053,1.2019,66.597,1.051,4.208,3.258,0.338,75.452,4461579235480396692,2,"/home/michael_pappas/anaconda3/bin/mpirun -np 16 ./traffic_mr --in ../m2t3d/data/traffic_medium.csv --partition weighted  --print-hours 0 --verify --csv"
combiner,medium,20160000,mr,16,16,weighted,on,1680000,1687131,7131,1.0053,1.2049,62.244,1.000,4.023,3.229,0.334,70.831,4461579235480396692,3,"/home/michael_pappas/anaconda3/bin/mpirun -np 16 ./traffic_mr --in ../m2t3d/data/traffic_medium.csv --partition weighted  --print-hours 0 --verify --csv"
combiner,medium,20160000,mr,16,16,weighted,off,1680000,20160000,7472,1.0000,1.1983,97.712,5.654,58.575,52.904,0.243,215.089,4461579235480396692,1,"/home/michael_pappas/anaconda3/bin/mpirun -np 16 ./traffic_mr --in ../m2t3d/data/traffic_medium.csv --partition weighted --no-combine --print-hours 0 --verify --csv"
combiner,medium,20160000,mr,16,16,weighted,off,1680000,20160000,7472,1.0000,1.1385,96.351,5.820,57.011,50.243,0.264,209.689,4461579235480396692,2,"/home/michael_pappas/anaconda3/bin/mpirun -np 16 ./traffic_mr --in ../m2t3d/data/traffic_medium.csv --partition weighted --no-combine --print-hours 0 --verify --csv"
combiner,medium,20160000,mr,16,16,weighted,off,1680000,20160000,7472,1.0000,1.1208,91.247,6.119,57.351,50.658,0.321,205.696,4461579235480396692,3,"/home/michael_pappas/anaconda3/bin/mpirun -np 16 ./traffic_mr --in ../m2t3d/data/traffic_medium.csv --partition weighted --no-combine --print-hours 0 --verify --csv"
reducers,large,60480000,mr,16,1,weighted,on,5040000,5050825,4735623,1.0000,1.0000,157.564,2.483,42.067,158.879,0.418,361.411,9710425931372569117,1,"/home/michael_pappas/anaconda3/bin/mpirun -np 16 ./traffic_mr --in ../m2t3d/data/traffic_large.csv --partition weighted --reducers 1 --print-hours 0 --verify --csv"
reducers,large,60480000,mr,16,1,weighted,on,5040000,5050825,4735623,1.0000,1.0000,152.797,2.032,42.521,148.071,0.368,345.790,9710425931372569117,2,"/home/michael_pappas/anaconda3/bin/mpirun -np 16 ./traffic_mr --in ../m2t3d/data/traffic_large.csv --partition weighted --reducers 1 --print-hours 0 --verify --csv"
reducers,large,60480000,mr,16,1,weighted,on,5040000,5050825,4735623,1.0000,1.0000,165.210,2.228,43.094,163.040,0.288,373.860,9710425931372569117,3,"/home/michael_pappas/anaconda3/bin/mpirun -np 16 ./traffic_mr --in ../m2t3d/data/traffic_large.csv --partition weighted --reducers 1 --print-hours 0 --verify --csv"
reducers,large,60480000,mr,16,2,weighted,on,5040000,5050825,4735623,1.0000,1.0188,148.913,2.242,23.800,74.951,0.329,250.235,9710425931372569117,1,"/home/michael_pappas/anaconda3/bin/mpirun -np 16 ./traffic_mr --in ../m2t3d/data/traffic_large.csv --partition weighted --reducers 2 --print-hours 0 --verify --csv"
reducers,large,60480000,mr,16,2,weighted,on,5040000,5050825,4735623,1.0000,1.0458,159.671,2.329,26.460,87.960,0.398,276.819,9710425931372569117,2,"/home/michael_pappas/anaconda3/bin/mpirun -np 16 ./traffic_mr --in ../m2t3d/data/traffic_large.csv --partition weighted --reducers 2 --print-hours 0 --verify --csv"
reducers,large,60480000,mr,16,2,weighted,on,5040000,5050825,4735623,1.0000,1.0783,150.435,2.362,25.674,86.409,0.394,265.274,9710425931372569117,3,"/home/michael_pappas/anaconda3/bin/mpirun -np 16 ./traffic_mr --in ../m2t3d/data/traffic_large.csv --partition weighted --reducers 2 --print-hours 0 --verify --csv"
reducers,large,60480000,mr,16,4,weighted,on,5040000,5050825,4735623,1.0001,1.1133,156.816,2.541,20.323,40.122,0.391,220.193,9710425931372569117,1,"/home/michael_pappas/anaconda3/bin/mpirun -np 16 ./traffic_mr --in ../m2t3d/data/traffic_large.csv --partition weighted --reducers 4 --print-hours 0 --verify --csv"
reducers,large,60480000,mr,16,4,weighted,on,5040000,5050825,4735623,1.0001,1.1132,148.224,2.232,21.487,38.521,0.542,211.006,9710425931372569117,2,"/home/michael_pappas/anaconda3/bin/mpirun -np 16 ./traffic_mr --in ../m2t3d/data/traffic_large.csv --partition weighted --reducers 4 --print-hours 0 --verify --csv"
reducers,large,60480000,mr,16,4,weighted,on,5040000,5050825,4735623,1.0001,1.1280,170.163,2.371,23.088,39.345,0.322,235.290,9710425931372569117,3,"/home/michael_pappas/anaconda3/bin/mpirun -np 16 ./traffic_mr --in ../m2t3d/data/traffic_large.csv --partition weighted --reducers 4 --print-hours 0 --verify --csv"
reducers,large,60480000,mr,16,8,weighted,on,5040000,5050825,4734686,1.0018,1.1431,172.878,2.509,18.113,21.046,0.437,214.982,9710425931372569117,1,"/home/michael_pappas/anaconda3/bin/mpirun -np 16 ./traffic_mr --in ../m2t3d/data/traffic_large.csv --partition weighted --reducers 8 --print-hours 0 --verify --csv"
reducers,large,60480000,mr,16,8,weighted,on,5040000,5050825,4734686,1.0018,1.1875,168.819,2.213,15.156,20.152,0.430,206.771,9710425931372569117,2,"/home/michael_pappas/anaconda3/bin/mpirun -np 16 ./traffic_mr --in ../m2t3d/data/traffic_large.csv --partition weighted --reducers 8 --print-hours 0 --verify --csv"
reducers,large,60480000,mr,16,8,weighted,on,5040000,5050825,4734686,1.0018,1.1625,167.149,2.452,15.907,21.107,0.411,207.026,9710425931372569117,3,"/home/michael_pappas/anaconda3/bin/mpirun -np 16 ./traffic_mr --in ../m2t3d/data/traffic_large.csv --partition weighted --reducers 8 --print-hours 0 --verify --csv"
reducers,large,60480000,mr,16,16,weighted,on,5040000,5050825,10825,1.0027,1.1776,157.243,2.154,13.812,9.965,0.370,183.543,9710425931372569117,1,"/home/michael_pappas/anaconda3/bin/mpirun -np 16 ./traffic_mr --in ../m2t3d/data/traffic_large.csv --partition weighted --reducers 16 --print-hours 0 --verify --csv"
reducers,large,60480000,mr,16,16,weighted,on,5040000,5050825,10825,1.0027,1.1222,172.310,2.322,15.020,9.826,0.327,199.806,9710425931372569117,2,"/home/michael_pappas/anaconda3/bin/mpirun -np 16 ./traffic_mr --in ../m2t3d/data/traffic_large.csv --partition weighted --reducers 16 --print-hours 0 --verify --csv"
reducers,large,60480000,mr,16,16,weighted,on,5040000,5050825,10825,1.0027,1.1891,161.449,2.290,15.598,9.847,0.432,189.616,9710425931372569117,3,"/home/michael_pappas/anaconda3/bin/mpirun -np 16 ./traffic_mr --in ../m2t3d/data/traffic_large.csv --partition weighted --reducers 16 --print-hours 0 --verify --csv"
order,medium,20160000,mr,16,16,block,on,1680000,1687131,7131,1.0053,1.2363,67.055,0.725,4.472,3.393,0.302,75.948,4461579235480396692,1,"/home/michael_pappas/anaconda3/bin/mpirun -np 16 ./traffic_mr --in ../m2t3d/data/traffic_medium.csv --partition block --print-hours 0 --verify --csv"
order,medium,20160000,mr,16,16,block,on,1680000,1687131,7131,1.0053,1.1898,66.149,0.547,4.424,3.544,0.310,74.975,4461579235480396692,2,"/home/michael_pappas/anaconda3/bin/mpirun -np 16 ./traffic_mr --in ../m2t3d/data/traffic_medium.csv --partition block --print-hours 0 --verify --csv"
order,medium,20160000,mr,16,16,block,on,1680000,1687131,7131,1.0053,1.1889,68.961,0.572,3.941,3.147,0.237,76.857,4461579235480396692,3,"/home/michael_pappas/anaconda3/bin/mpirun -np 16 ./traffic_mr --in ../m2t3d/data/traffic_medium.csv --partition block --print-hours 0 --verify --csv"
order,medium,20160000,mr,16,16,hash,on,1680000,1687131,1600131,1.1001,1.2107,66.797,0.499,6.241,4.080,0.437,78.054,4461579235480396692,1,"/home/michael_pappas/anaconda3/bin/mpirun -np 16 ./traffic_mr --in ../m2t3d/data/traffic_medium.csv --partition hash --print-hours 0 --verify --csv"
order,medium,20160000,mr,16,16,hash,on,1680000,1687131,1600131,1.1001,1.2811,66.941,0.503,5.890,4.010,0.521,77.864,4461579235480396692,2,"/home/michael_pappas/anaconda3/bin/mpirun -np 16 ./traffic_mr --in ../m2t3d/data/traffic_medium.csv --partition hash --print-hours 0 --verify --csv"
order,medium,20160000,mr,16,16,hash,on,1680000,1687131,1600131,1.1001,1.1990,65.967,0.337,6.354,3.935,0.372,76.965,4461579235480396692,3,"/home/michael_pappas/anaconda3/bin/mpirun -np 16 ./traffic_mr --in ../m2t3d/data/traffic_medium.csv --partition hash --print-hours 0 --verify --csv"
order,medium,20160000,mr,16,16,weighted,on,1680000,1687131,7131,1.0053,1.2362,60.286,1.148,3.930,3.231,0.234,68.830,4461579235480396692,1,"/home/michael_pappas/anaconda3/bin/mpirun -np 16 ./traffic_mr --in ../m2t3d/data/traffic_medium.csv --partition weighted --print-hours 0 --verify --csv"
order,medium,20160000,mr,16,16,weighted,on,1680000,1687131,7131,1.0053,1.2151,58.070,1.201,3.668,3.198,0.312,66.449,4461579235480396692,2,"/home/michael_pappas/anaconda3/bin/mpirun -np 16 ./traffic_mr --in ../m2t3d/data/traffic_medium.csv --partition weighted --print-hours 0 --verify --csv"
order,medium,20160000,mr,16,16,weighted,on,1680000,1687131,7131,1.0053,1.2083,60.753,1.188,4.087,3.288,0.330,69.645,4461579235480396692,3,"/home/michael_pappas/anaconda3/bin/mpirun -np 16 ./traffic_mr --in ../m2t3d/data/traffic_medium.csv --partition weighted --print-hours 0 --verify --csv"
order,medium,20160000,mr,16,16,light,on,1680000,1687131,1582125,1.0052,1.1540,63.854,0.464,6.706,4.154,8.469,83.647,4461579235480396692,1,"/home/michael_pappas/anaconda3/bin/mpirun -np 16 ./traffic_mr --in ../m2t3d/data/traffic_medium.csv --partition light --print-hours 0 --verify --csv"
order,medium,20160000,mr,16,16,light,on,1680000,1687131,1582125,1.0052,1.2297,65.905,0.824,6.340,3.911,6.401,83.381,4461579235480396692,2,"/home/michael_pappas/anaconda3/bin/mpirun -np 16 ./traffic_mr --in ../m2t3d/data/traffic_medium.csv --partition light --print-hours 0 --verify --csv"
order,medium,20160000,mr,16,16,light,on,1680000,1687131,1582125,1.0052,1.1365,67.262,0.401,6.496,3.941,7.967,86.067,4461579235480396692,3,"/home/michael_pappas/anaconda3/bin/mpirun -np 16 ./traffic_mr --in ../m2t3d/data/traffic_medium.csv --partition light --print-hours 0 --verify --csv"
order,medium,20160000,mr,16,16,hybrid,on,1680000,1687131,7131,1.0053,1.1453,66.656,1.204,4.057,3.056,0.299,75.273,4461579235480396692,1,"/home/michael_pappas/anaconda3/bin/mpirun -np 16 ./traffic_mr --in ../m2t3d/data/traffic_medium.csv --partition hybrid --print-hours 0 --verify --csv"
order,medium,20160000,mr,16,16,hybrid,on,1680000,1687131,7131,1.0053,1.1457,63.830,0.978,3.831,3.060,0.236,71.935,4461579235480396692,2,"/home/michael_pappas/anaconda3/bin/mpirun -np 16 ./traffic_mr --in ../m2t3d/data/traffic_medium.csv --partition hybrid --print-hours 0 --verify --csv"
order,medium,20160000,mr,16,16,hybrid,on,1680000,1687131,7131,1.0053,1.1379,65.565,1.207,4.097,3.240,0.357,74.467,4461579235480396692,3,"/home/michael_pappas/anaconda3/bin/mpirun -np 16 ./traffic_mr --in ../m2t3d/data/traffic_medium.csv --partition hybrid --print-hours 0 --verify --csv"
order,medium_shuffled,20160000,mr,16,16,block,on,1680000,14312537,13417213,1.0020,1.1635,243.664,0.769,47.875,54.097,0.240,346.646,4461579235480396692,1,"/home/michael_pappas/anaconda3/bin/mpirun -np 16 ./traffic_mr --in data/traffic_medium_shuffled.csv --partition block --print-hours 0 --verify --csv"
order,medium_shuffled,20160000,mr,16,16,block,on,1680000,14312537,13417213,1.0020,1.1329,241.602,0.872,50.349,51.833,0.285,344.941,4461579235480396692,2,"/home/michael_pappas/anaconda3/bin/mpirun -np 16 ./traffic_mr --in data/traffic_medium_shuffled.csv --partition block --print-hours 0 --verify --csv"
order,medium_shuffled,20160000,mr,16,16,block,on,1680000,14312537,13417213,1.0020,1.2363,228.205,0.541,42.179,58.100,0.304,329.329,4461579235480396692,3,"/home/michael_pappas/anaconda3/bin/mpirun -np 16 ./traffic_mr --in data/traffic_medium_shuffled.csv --partition block --print-hours 0 --verify --csv"
order,medium_shuffled,20160000,mr,16,16,hash,on,1680000,14312537,13418226,1.1058,1.1580,219.019,0.517,46.206,51.437,0.455,317.633,4461579235480396692,1,"/home/michael_pappas/anaconda3/bin/mpirun -np 16 ./traffic_mr --in data/traffic_medium_shuffled.csv --partition hash --print-hours 0 --verify --csv"
order,medium_shuffled,20160000,mr,16,16,hash,on,1680000,14312537,13418226,1.1058,1.1957,240.543,0.578,44.149,54.675,0.407,340.352,4461579235480396692,2,"/home/michael_pappas/anaconda3/bin/mpirun -np 16 ./traffic_mr --in data/traffic_medium_shuffled.csv --partition hash --print-hours 0 --verify --csv"
order,medium_shuffled,20160000,mr,16,16,hash,on,1680000,14312537,13418226,1.1058,1.2273,245.837,0.603,49.916,58.679,0.512,355.546,4461579235480396692,3,"/home/michael_pappas/anaconda3/bin/mpirun -np 16 ./traffic_mr --in data/traffic_medium_shuffled.csv --partition hash --print-hours 0 --verify --csv"
order,medium_shuffled,20160000,mr,16,16,weighted,on,1680000,14312537,13417213,1.0020,1.1538,237.861,5.008,46.886,53.763,0.289,343.807,4461579235480396692,1,"/home/michael_pappas/anaconda3/bin/mpirun -np 16 ./traffic_mr --in data/traffic_medium_shuffled.csv --partition weighted --print-hours 0 --verify --csv"
order,medium_shuffled,20160000,mr,16,16,weighted,on,1680000,14312537,13417213,1.0020,1.1498,207.875,4.126,39.338,51.751,0.301,303.391,4461579235480396692,2,"/home/michael_pappas/anaconda3/bin/mpirun -np 16 ./traffic_mr --in data/traffic_medium_shuffled.csv --partition weighted --print-hours 0 --verify --csv"
order,medium_shuffled,20160000,mr,16,16,weighted,on,1680000,14312537,13417213,1.0020,1.1307,206.158,4.598,42.441,53.710,0.330,307.237,4461579235480396692,3,"/home/michael_pappas/anaconda3/bin/mpirun -np 16 ./traffic_mr --in data/traffic_medium_shuffled.csv --partition weighted --print-hours 0 --verify --csv"
order,medium_shuffled,20160000,mr,16,16,light,on,1680000,14312537,13418822,1.0044,1.1488,224.961,0.466,46.311,54.857,7.240,333.836,4461579235480396692,1,"/home/michael_pappas/anaconda3/bin/mpirun -np 16 ./traffic_mr --in data/traffic_medium_shuffled.csv --partition light --print-hours 0 --verify --csv"
order,medium_shuffled,20160000,mr,16,16,light,on,1680000,14312537,13418822,1.0044,1.1065,228.316,0.579,45.366,52.746,7.170,334.176,4461579235480396692,2,"/home/michael_pappas/anaconda3/bin/mpirun -np 16 ./traffic_mr --in data/traffic_medium_shuffled.csv --partition light --print-hours 0 --verify --csv"
order,medium_shuffled,20160000,mr,16,16,light,on,1680000,14312537,13418822,1.0044,1.2358,224.227,0.477,45.354,55.615,6.429,332.102,4461579235480396692,3,"/home/michael_pappas/anaconda3/bin/mpirun -np 16 ./traffic_mr --in data/traffic_medium_shuffled.csv --partition light --print-hours 0 --verify --csv"
order,medium_shuffled,20160000,mr,16,16,hybrid,on,1680000,14312537,13417213,1.0020,1.1417,223.128,4.940,44.863,57.128,0.238,330.297,4461579235480396692,1,"/home/michael_pappas/anaconda3/bin/mpirun -np 16 ./traffic_mr --in data/traffic_medium_shuffled.csv --partition hybrid --print-hours 0 --verify --csv"
order,medium_shuffled,20160000,mr,16,16,hybrid,on,1680000,14312537,13417213,1.0020,1.1913,235.186,5.115,46.364,54.718,0.342,341.725,4461579235480396692,2,"/home/michael_pappas/anaconda3/bin/mpirun -np 16 ./traffic_mr --in data/traffic_medium_shuffled.csv --partition hybrid --print-hours 0 --verify --csv"
order,medium_shuffled,20160000,mr,16,16,hybrid,on,1680000,14312537,13417213,1.0020,1.1022,229.376,4.991,45.356,53.093,0.288,333.103,4461579235480396692,3,"/home/michael_pappas/anaconda3/bin/mpirun -np 16 ./traffic_mr --in data/traffic_medium_shuffled.csv --partition hybrid --print-hours 0 --verify --csv"
